chr1	13104252	13122521	18270	chr1-13084312-INV-62181	FALSE	1|0	1	FALSE	NA12878_H1	1	CEU	EUR	Female
chr1	13190914	13324586	133673	chr1-13190915-INV-133672	FALSE	0|0	0	FALSE	NA12878_H1	2	CEU	EUR	Female
chr1	16653300	16795670	142371	chr1-16653301-INV-142370	FALSE	0|0	0	FALSE	NA12878_H1	3	CEU	EUR	Female
chr1	16680663	16724992	44330	chr1-16710704-INV-24199	FALSE	0|0	0	FALSE	NA12878_H1	4	CEU	EUR	Female
chr1	16838932	16946929	107998	chr1-16838933-INV-107998	FALSE	0|0	0	FALSE	NA12878_H1	5	CEU	EUR	Female
chr1	21203917	21204602	686	chr1-21203898-INV-862	FALSE	0|0	0	TRUE	NA12878_H1	6	CEU	EUR	Female
chr1	25324280	25369060	44781	chr1-25338356-INV-24067	FALSE	0|0	0	FALSE	NA12878_H1	7	CEU	EUR	Female
chr1	26641622	26646431	4810	chr1-26639853-INV-8324	FALSE	1|1	1	FALSE	NA12878_H1	8	CEU	EUR	Female
chr1	43593641	43594291	651	chr1-43593626-INV-710	FALSE	1|1	1	FALSE	NA12878_H1	9	CEU	EUR	Female
chr1	60776841	60778677	1837	chr1-60775308-INV-5023	FALSE	0|0	0	FALSE	NA12878_H1	10	CEU	EUR	Female
chr1	81650508	81707447	56940	chr1-81642914-INV-66617	FALSE	0|0	0	FALSE	NA12878_H1	11	CEU	EUR	Female
chr1	91666232	91667085	854	chr1-91666258-INV-840	FALSE	0|0	0	TRUE	NA12878_H1	12	CEU	EUR	Female
chr1	108310642	108383736	73095	chr1-108311808-INV-57118	FALSE	1|0	1	FALSE	NA12878_H1	13	CEU	EUR	Female
chr1	120299058	120600965	301908	chr1-120299059-INV-301908	FALSE	1|0	1	FALSE	NA12878_H1	14	CEU	EUR	Female
chr1	122020454	122503767	483314	chr1-122020455-INV-483314	TRUE	1|1	1	FALSE	NA12878_H1	15	CEU	EUR	Female
chr1	124793252	124931477	138226	chr1-124793253-INV-138226	TRUE	1|1	1	FALSE	NA12878_H1	16	CEU	EUR	Female
chr1	143558088	143704592	146505	chr1-143558089-INV-146504	FALSE	0|0	0	FALSE	NA12878_H1	17	CEU	EUR	Female
chr1	144376209	144600799	224591	chr1-144376210-INV-224591	FALSE	1|0	1	FALSE	NA12878_H1	18	CEU	EUR	Female
chr1	145160434	146154520	994087	chr1-145160435-INV-994087	FALSE	0|0	0	FALSE	NA12878_H1	19	CEU	EUR	Female
chr1	146298109	148672872	2374764	chr1-146298110-INV-2374764	FALSE	1|1	1	FALSE	NA12878_H1	20	CEU	EUR	Female
chr1	148288482	148295706	7225	chr1-148280433-INV-23152	FALSE	1|1	1	FALSE	NA12878_H1	21	CEU	EUR	Female
chr1	148893781	149265643	371863	chr1-148893782-INV-371863	FALSE	1|1	1	FALSE	NA12878_H1	22	CEU	EUR	Female
chr1	149843518	149850293	6776	chr1-149842162-INV-9508	FALSE	0|0	0	FALSE	NA12878_H1	23	CEU	EUR	Female
chr1	197787659	197788856	1198	chr1-197787661-INV-1197	FALSE	1|0	1	FALSE	NA12878_H1	24	CEU	EUR	Female
chr1	227499209	227502113	2905	chr1-227492704-INV-15726	FALSE	0|0	0	FALSE	NA12878_H1	25	CEU	EUR	Female
chr1	247661377	248128772	467396	chr1-247661378-INV-467396	FALSE	0|0	0	FALSE	NA12878_H1	26	CEU	EUR	Female
chr1	248128773	248428856	300084	chr1-248128774-INV-300084	FALSE	0|0	0	FALSE	NA12878_H1	27	CEU	EUR	Female
chr1	248518572	248529489	10918	chr1-248517894-INV-12881	FALSE	1|1	1	FALSE	NA12878_H1	28	CEU	EUR	Female
chr1	13104252	13122521	18270	chr1-13084312-INV-62181	FALSE	1|0	0	FALSE	NA12878_H2	1	CEU	EUR	Female
chr1	13190914	13324586	133673	chr1-13190915-INV-133672	FALSE	0|0	0	FALSE	NA12878_H2	2	CEU	EUR	Female
chr1	16653300	16795670	142371	chr1-16653301-INV-142370	FALSE	0|0	0	FALSE	NA12878_H2	3	CEU	EUR	Female
chr1	16680663	16724992	44330	chr1-16710704-INV-24199	FALSE	0|0	0	FALSE	NA12878_H2	4	CEU	EUR	Female
chr1	16838932	16946929	107998	chr1-16838933-INV-107998	FALSE	0|0	0	FALSE	NA12878_H2	5	CEU	EUR	Female
chr1	21203917	21204602	686	chr1-21203898-INV-862	FALSE	0|0	0	TRUE	NA12878_H2	6	CEU	EUR	Female
chr1	25324280	25369060	44781	chr1-25338356-INV-24067	FALSE	0|0	0	FALSE	NA12878_H2	7	CEU	EUR	Female
chr1	26641622	26646431	4810	chr1-26639853-INV-8324	FALSE	1|1	1	FALSE	NA12878_H2	8	CEU	EUR	Female
chr1	43593641	43594291	651	chr1-43593626-INV-710	FALSE	1|1	1	FALSE	NA12878_H2	9	CEU	EUR	Female
chr1	60776841	60778677	1837	chr1-60775308-INV-5023	FALSE	0|0	0	FALSE	NA12878_H2	10	CEU	EUR	Female
chr1	81650508	81707447	56940	chr1-81642914-INV-66617	FALSE	0|0	0	FALSE	NA12878_H2	11	CEU	EUR	Female
chr1	91666232	91667085	854	chr1-91666258-INV-840	FALSE	0|0	0	TRUE	NA12878_H2	12	CEU	EUR	Female
chr1	108310642	108383736	73095	chr1-108311808-INV-57118	FALSE	1|0	0	FALSE	NA12878_H2	13	CEU	EUR	Female
chr1	120299058	120600965	301908	chr1-120299059-INV-301908	FALSE	1|0	0	FALSE	NA12878_H2	14	CEU	EUR	Female
chr1	122020454	122503767	483314	chr1-122020455-INV-483314	TRUE	1|1	1	FALSE	NA12878_H2	15	CEU	EUR	Female
chr1	124793252	124931477	138226	chr1-124793253-INV-138226	TRUE	1|1	1	FALSE	NA12878_H2	16	CEU	EUR	Female
chr1	143558088	143704592	146505	chr1-143558089-INV-146504	FALSE	0|0	0	FALSE	NA12878_H2	17	CEU	EUR	Female
chr1	144376209	144600799	224591	chr1-144376210-INV-224591	FALSE	1|0	0	FALSE	NA12878_H2	18	CEU	EUR	Female
chr1	145160434	146154520	994087	chr1-145160435-INV-994087	FALSE	0|0	0	FALSE	NA12878_H2	19	CEU	EUR	Female
chr1	146298109	148672872	2374764	chr1-146298110-INV-2374764	FALSE	1|1	1	FALSE	NA12878_H2	20	CEU	EUR	Female
chr1	148288482	148295706	7225	chr1-148280433-INV-23152	FALSE	1|1	1	FALSE	NA12878_H2	21	CEU	EUR	Female
chr1	148893781	149265643	371863	chr1-148893782-INV-371863	FALSE	1|1	1	FALSE	NA12878_H2	22	CEU	EUR	Female
chr1	149843518	149850293	6776	chr1-149842162-INV-9508	FALSE	0|0	0	FALSE	NA12878_H2	23	CEU	EUR	Female
chr1	197787659	197788856	1198	chr1-197787661-INV-1197	FALSE	1|0	0	FALSE	NA12878_H2	24	CEU	EUR	Female
chr1	227499209	227502113	2905	chr1-227492704-INV-15726	FALSE	0|0	0	FALSE	NA12878_H2	25	CEU	EUR	Female
chr1	247661377	248128772	467396	chr1-247661378-INV-467396	FALSE	0|0	0	FALSE	NA12878_H2	26	CEU	EUR	Female
chr1	248128773	248428856	300084	chr1-248128774-INV-300084	FALSE	0|0	0	FALSE	NA12878_H2	27	CEU	EUR	Female
chr1	248518572	248529489	10918	chr1-248517894-INV-12881	FALSE	1|1	1	FALSE	NA12878_H2	28	CEU	EUR	Female
chr2	45065588	45081777	16190	chr2-45062769-INV-12977	FALSE	0|0	0	FALSE	NA12878_H1	191	CEU	EUR	Female
chr2	87987171	111255403	23268233	chr2-87987172-INV-23268233	FALSE	0|0	0	FALSE	NA12878_H1	192	CEU	EUR	Female
chr2	87995841	88180536	184696	chr2-87995842-INV-184695	FALSE	0|0	0	FALSE	NA12878_H1	193	CEU	EUR	Female
chr2	88861564	88886160	24597	chr2-88859192-INV-39467	FALSE	1|1	1	FALSE	NA12878_H1	194	CEU	EUR	Female
chr2	90060918	90216479	155562	chr2-90060919-INV-155562	FALSE	0021	complex	FALSE	NA12878_H1	195	CEU	EUR	Female
chr2	90286375	90379428	93054	chr2-90286376-INV-93054	FALSE	0|0	0	TRUE	NA12878_H1	196	CEU	EUR	Female
chr2	90379429	90402236	22808	chr2-90379430-INV-22808	FALSE	noreads	noreads	FALSE	NA12878_H1	197	CEU	EUR	Female
chr2	91832040	92012663	180624	chr2-91832041-INV-180624	FALSE	0|1	0	FALSE	NA12878_H1	198	CEU	EUR	Female
chr2	94191333	94294046	102714	chr2-94191334-INV-102714	FALSE	0011	complex	FALSE	NA12878_H1	199	CEU	EUR	Female
chr2	95496989	95579796	82808	chr2-95496991-INV-82806	FALSE	0|0	0	FALSE	NA12878_H1	200	CEU	EUR	Female
chr2	95800191	96024403	224213	chr2-95800192-INV-224213	FALSE	0|0	0	FALSE	NA12878_H1	201	CEU	EUR	Female
chr2	97168744	97170236	1493	chr2-97168745-INV-1492	FALSE	0|0	0	FALSE	NA12878_H1	202	CEU	EUR	Female
chr2	97348052	97360454	12403	chr2-97340523-INV-28715	FALSE	0|0	0	FALSE	NA12878_H1	203	CEU	EUR	Female
chr2	108527821	109733036	1205216	chr2-108527822-INV-1205216	FALSE	0|0	0	FALSE	NA12878_H1	204	CEU	EUR	Female
chr2	110095177	110276210	181034	chr2-110095179-INV-181032	FALSE	1|0	1	FALSE	NA12878_H1	205	CEU	EUR	Female
chr2	123021127	123054324	33198	chr2-123021128-INV-33198	FALSE	0|0	0	FALSE	NA12878_H1	206	CEU	EUR	Female
chr2	130138212	131200602	1062391	chr2-130138213-INV-1062391	FALSE	1|0	1	FALSE	NA12878_H1	207	CEU	EUR	Female
chr2	130138212	131530534	1392323	chr2-130138213-INV-1392323	FALSE	1|0	1	FALSE	NA12878_H1	208	CEU	EUR	Female
chr2	138247429	138251774	4346	chr2-138246733-INV-5010	FALSE	1|1	1	FALSE	NA12878_H1	209	CEU	EUR	Female
chr2	183704450	183711952	7503	chr2-183704404-INV-1901	FALSE	0|0	0	FALSE	NA12878_H1	210	CEU	EUR	Female
chr2	215962718	215963440	723	chr2-215962719-INV-722	FALSE	0|0	0	FALSE	NA12878_H1	211	CEU	EUR	Female
chr2	222149224	222149582	359	chr2-222147677-INV-3251	FALSE	0|0	0	TRUE	NA12878_H1	212	CEU	EUR	Female
chr2	236356880	236358489	1610	chr2-236356297-INV-2677	FALSE	0000	complex	FALSE	NA12878_H1	213	CEU	EUR	Female
chr2	240685789	240688966	3178	chr2-240674170-INV-26389	FALSE	1|0	1	FALSE	NA12878_H1	214	CEU	EUR	Female
chr2	45065588	45081777	16190	chr2-45062769-INV-12977	FALSE	0|0	0	FALSE	NA12878_H2	191	CEU	EUR	Female
chr2	87987171	111255403	23268233	chr2-87987172-INV-23268233	FALSE	0|0	0	FALSE	NA12878_H2	192	CEU	EUR	Female
chr2	87995841	88180536	184696	chr2-87995842-INV-184695	FALSE	0|0	0	FALSE	NA12878_H2	193	CEU	EUR	Female
chr2	88861564	88886160	24597	chr2-88859192-INV-39467	FALSE	1|1	1	FALSE	NA12878_H2	194	CEU	EUR	Female
chr2	90060918	90216479	155562	chr2-90060919-INV-155562	FALSE	0021	complex	FALSE	NA12878_H2	195	CEU	EUR	Female
chr2	90286375	90379428	93054	chr2-90286376-INV-93054	FALSE	0|0	0	TRUE	NA12878_H2	196	CEU	EUR	Female
chr2	90379429	90402236	22808	chr2-90379430-INV-22808	FALSE	noreads	noreads	FALSE	NA12878_H2	197	CEU	EUR	Female
chr2	91832040	92012663	180624	chr2-91832041-INV-180624	FALSE	0|1	1	FALSE	NA12878_H2	198	CEU	EUR	Female
chr2	94191333	94294046	102714	chr2-94191334-INV-102714	FALSE	0011	complex	FALSE	NA12878_H2	199	CEU	EUR	Female
chr2	95496989	95579796	82808	chr2-95496991-INV-82806	FALSE	0|0	0	FALSE	NA12878_H2	200	CEU	EUR	Female
chr2	95800191	96024403	224213	chr2-95800192-INV-224213	FALSE	0|0	0	FALSE	NA12878_H2	201	CEU	EUR	Female
chr2	97168744	97170236	1493	chr2-97168745-INV-1492	FALSE	0|0	0	FALSE	NA12878_H2	202	CEU	EUR	Female
chr2	97348052	97360454	12403	chr2-97340523-INV-28715	FALSE	0|0	0	FALSE	NA12878_H2	203	CEU	EUR	Female
chr2	108527821	109733036	1205216	chr2-108527822-INV-1205216	FALSE	0|0	0	FALSE	NA12878_H2	204	CEU	EUR	Female
chr2	110095177	110276210	181034	chr2-110095179-INV-181032	FALSE	1|0	0	FALSE	NA12878_H2	205	CEU	EUR	Female
chr2	123021127	123054324	33198	chr2-123021128-INV-33198	FALSE	0|0	0	FALSE	NA12878_H2	206	CEU	EUR	Female
chr2	130138212	131200602	1062391	chr2-130138213-INV-1062391	FALSE	1|0	0	FALSE	NA12878_H2	207	CEU	EUR	Female
chr2	130138212	131530534	1392323	chr2-130138213-INV-1392323	FALSE	1|0	0	FALSE	NA12878_H2	208	CEU	EUR	Female
chr2	138247429	138251774	4346	chr2-138246733-INV-5010	FALSE	1|1	1	FALSE	NA12878_H2	209	CEU	EUR	Female
chr2	183704450	183711952	7503	chr2-183704404-INV-1901	FALSE	0|0	0	FALSE	NA12878_H2	210	CEU	EUR	Female
chr2	215962718	215963440	723	chr2-215962719-INV-722	FALSE	0|0	0	FALSE	NA12878_H2	211	CEU	EUR	Female
chr2	222149224	222149582	359	chr2-222147677-INV-3251	FALSE	0|0	0	TRUE	NA12878_H2	212	CEU	EUR	Female
chr2	236356880	236358489	1610	chr2-236356297-INV-2677	FALSE	0000	complex	FALSE	NA12878_H2	213	CEU	EUR	Female
chr2	240685789	240688966	3178	chr2-240674170-INV-26389	FALSE	1|0	0	FALSE	NA12878_H2	214	CEU	EUR	Female
chr3	26316193	26317447	1255	chr3-26315757-INV-2108	FALSE	0|0	0	FALSE	NA12878_H1	243	CEU	EUR	Female
chr3	28417060	28417483	424	chr3-28414484-INV-5621	FALSE	0|0	0	TRUE	NA12878_H1	244	CEU	EUR	Female
chr3	44699775	44700555	781	chr3-44699503-INV-1291	TRUE	1|1	1	FALSE	NA12878_H1	245	CEU	EUR	Female
chr3	75454477	75455715	1239	chr3-75454478-INV-1238	FALSE	0|0	0	FALSE	NA12878_H1	246	CEU	EUR	Female
chr3	90469637	90476485	6849	chr3-90469638-INV-6848	FALSE	0|0	0	FALSE	NA12878_H1	247	CEU	EUR	Female
chr3	91556113	93656971	2100859	chr3-91556114-INV-2100859	TRUE	idup_hom	invdup	FALSE	NA12878_H1	248	CEU	EUR	Female
chr3	131969227	131977820	8594	chr3-131969892-INV-7927	FALSE	0|0	0	FALSE	NA12878_H1	249	CEU	EUR	Female
chr3	162827574	162829855	2282	chr3-162827167-INV-3077	FALSE	0200	complex	FALSE	NA12878_H1	250	CEU	EUR	Female
chr3	187418165	187424396	6232	chr3-187413815-INV-14980	TRUE	1|1	1	FALSE	NA12878_H1	251	CEU	EUR	Female
chr3	195680054	195724206	44153	chr3-195680055-INV-44153	FALSE	noreads	noreads	FALSE	NA12878_H1	252	CEU	EUR	Female
chr3	195692124	195956606	264483	chr3-195680867-INV-272256	FALSE	0|0	0	FALSE	NA12878_H1	253	CEU	EUR	Female
chr3	195749463	195980207	230745	chr3-195749464-INV-230745	FALSE	0|0	0	FALSE	NA12878_H1	254	CEU	EUR	Female
chr3	26316193	26317447	1255	chr3-26315757-INV-2108	FALSE	0|0	0	FALSE	NA12878_H2	243	CEU	EUR	Female
chr3	28417060	28417483	424	chr3-28414484-INV-5621	FALSE	0|0	0	TRUE	NA12878_H2	244	CEU	EUR	Female
chr3	44699775	44700555	781	chr3-44699503-INV-1291	TRUE	1|1	1	FALSE	NA12878_H2	245	CEU	EUR	Female
chr3	75454477	75455715	1239	chr3-75454478-INV-1238	FALSE	0|0	0	FALSE	NA12878_H2	246	CEU	EUR	Female
chr3	90469637	90476485	6849	chr3-90469638-INV-6848	FALSE	0|0	0	FALSE	NA12878_H2	247	CEU	EUR	Female
chr3	91556113	93656971	2100859	chr3-91556114-INV-2100859	TRUE	idup_hom	invdup	FALSE	NA12878_H2	248	CEU	EUR	Female
chr3	131969227	131977820	8594	chr3-131969892-INV-7927	FALSE	0|0	0	FALSE	NA12878_H2	249	CEU	EUR	Female
chr3	162827574	162829855	2282	chr3-162827167-INV-3077	FALSE	0200	complex	FALSE	NA12878_H2	250	CEU	EUR	Female
chr3	187418165	187424396	6232	chr3-187413815-INV-14980	TRUE	1|1	1	FALSE	NA12878_H2	251	CEU	EUR	Female
chr3	195680054	195724206	44153	chr3-195680055-INV-44153	FALSE	noreads	noreads	FALSE	NA12878_H2	252	CEU	EUR	Female
chr3	195692124	195956606	264483	chr3-195680867-INV-272256	FALSE	0|0	0	FALSE	NA12878_H2	253	CEU	EUR	Female
chr3	195749463	195980207	230745	chr3-195749464-INV-230745	FALSE	0|0	0	FALSE	NA12878_H2	254	CEU	EUR	Female
chr4	4013226	4019502	6277	chr4-4013227-INV-6277	FALSE	0|0	0	FALSE	NA12878_H1	256	CEU	EUR	Female
chr4	8952898	9455287	502390	chr4-8952899-INV-502390	FALSE	0|0	0	FALSE	NA12878_H1	257	CEU	EUR	Female
chr4	33098066	33104924	6859	chr4-33098029-INV-7075	FALSE	0|0	0	FALSE	NA12878_H1	258	CEU	EUR	Female
chr4	40233406	40235439	2034	chr4-40233409-INV-2010	FALSE	0|0	0	FALSE	NA12878_H1	259	CEU	EUR	Female
chr4	49284664	49291017	6354	chr4-49284665-INV-6354	FALSE	0000	complex	FALSE	NA12878_H1	260	CEU	EUR	Female
chr4	49291019	49325004	33986	chr4-49291020-INV-33986	FALSE	1|1	1	FALSE	NA12878_H1	261	CEU	EUR	Female
chr4	49708727	49712245	3519	chr4-49708728-INV-3519	TRUE	0202	complex	FALSE	NA12878_H1	262	CEU	EUR	Female
chr4	51107122	51107609	488	chr4-51107123-INV-488	TRUE	1201	complex	FALSE	NA12878_H1	263	CEU	EUR	Female
chr4	68826254	68849811	23558	chr4-68826255-INV-23558	FALSE	noreads	noreads	FALSE	NA12878_H1	264	CEU	EUR	Female
chr4	87926011	87937547	11537	chr4-87925789-INV-11799	FALSE	0|1	0	FALSE	NA12878_H1	265	CEU	EUR	Female
chr4	145693552	145694748	1197	chr4-145693640-INV-908	FALSE	1|1	1	FALSE	NA12878_H1	266	CEU	EUR	Female
chr4	156905870	156912808	6939	chr4-156904334-INV-8519	FALSE	0|0	0	FALSE	NA12878_H1	267	CEU	EUR	Female
chr4	187950173	187954784	4612	chr4-187948402-INV-8158	FALSE	0|0	0	FALSE	NA12878_H1	268	CEU	EUR	Female
chr4	4013226	4019502	6277	chr4-4013227-INV-6277	FALSE	0|0	0	FALSE	NA12878_H2	256	CEU	EUR	Female
chr4	8952898	9455287	502390	chr4-8952899-INV-502390	FALSE	0|0	0	FALSE	NA12878_H2	257	CEU	EUR	Female
chr4	33098066	33104924	6859	chr4-33098029-INV-7075	FALSE	0|0	0	FALSE	NA12878_H2	258	CEU	EUR	Female
chr4	40233406	40235439	2034	chr4-40233409-INV-2010	FALSE	0|0	0	FALSE	NA12878_H2	259	CEU	EUR	Female
chr4	49284664	49291017	6354	chr4-49284665-INV-6354	FALSE	0000	complex	FALSE	NA12878_H2	260	CEU	EUR	Female
chr4	49291019	49325004	33986	chr4-49291020-INV-33986	FALSE	1|1	1	FALSE	NA12878_H2	261	CEU	EUR	Female
chr4	49708727	49712245	3519	chr4-49708728-INV-3519	TRUE	0202	complex	FALSE	NA12878_H2	262	CEU	EUR	Female
chr4	51107122	51107609	488	chr4-51107123-INV-488	TRUE	1201	complex	FALSE	NA12878_H2	263	CEU	EUR	Female
chr4	68826254	68849811	23558	chr4-68826255-INV-23558	FALSE	noreads	noreads	FALSE	NA12878_H2	264	CEU	EUR	Female
chr4	87926011	87937547	11537	chr4-87925789-INV-11799	FALSE	0|1	1	FALSE	NA12878_H2	265	CEU	EUR	Female
chr4	145693552	145694748	1197	chr4-145693640-INV-908	FALSE	1|1	1	FALSE	NA12878_H2	266	CEU	EUR	Female
chr4	156905870	156912808	6939	chr4-156904334-INV-8519	FALSE	0|0	0	FALSE	NA12878_H2	267	CEU	EUR	Female
chr4	187950173	187954784	4612	chr4-187948402-INV-8158	FALSE	0|0	0	FALSE	NA12878_H2	268	CEU	EUR	Female
chr5	16978658	16979397	740	chr5-16979045-INV-519	FALSE	0|0	0	FALSE	NA12878_H1	270	CEU	EUR	Female
chr5	17580905	17592445	11541	chr5-17580906-INV-11540	FALSE	0000	complex	FALSE	NA12878_H1	271	CEU	EUR	Female
chr5	21479305	21500726	21422	chr5-21479306-INV-21422	FALSE	2110	complex	FALSE	NA12878_H1	272	CEU	EUR	Female
chr5	29069229	29069523	295	chr5-29069209-INV-308	FALSE	1|1	1	FALSE	NA12878_H1	273	CEU	EUR	Female
chr5	46896906	46915828	18923	chr5-46896907-INV-18922	FALSE	1|1	1	FALSE	NA12878_H1	274	CEU	EUR	Female
chr5	47061568	47082062	20495	chr5-47061569-INV-20494	FALSE	0|0	0	TRUE	NA12878_H1	275	CEU	EUR	Female
chr5	47105115	47151367	46253	chr5-47105116-INV-46253	FALSE	0100	complex	FALSE	NA12878_H1	276	CEU	EUR	Female
chr5	49608476	49645356	36881	chr5-49608477-INV-36881	TRUE	1|1	1	FALSE	NA12878_H1	277	CEU	EUR	Female
chr5	64470920	64477089	6170	chr5-64466170-INV-15635	FALSE	1|1	1	FALSE	NA12878_H1	278	CEU	EUR	Female
chr5	64470928	64475118	4191	chr5-64470929-INV-4190	FALSE	1|1	1	FALSE	NA12878_H1	279	CEU	EUR	Female
chr5	70527773	70533912	6140	chr5-70527774-INV-6139	FALSE	0|0	0	TRUE	NA12878_H1	280	CEU	EUR	Female
chr5	71009586	71093997	84412	chr5-71009587-INV-84412	FALSE	0000	complex	FALSE	NA12878_H1	281	CEU	EUR	Female
chr5	112179911	112236600	56690	chr5-112179912-INV-56689	FALSE	0|0	0	FALSE	NA12878_H1	282	CEU	EUR	Female
chr5	124425560	124546657	121098	chr5-124425561-INV-121098	FALSE	0|0	0	FALSE	NA12878_H1	283	CEU	EUR	Female
chr5	152886744	152892275	5532	chr5-152886745-INV-5532	FALSE	0|0	0	TRUE	NA12878_H1	284	CEU	EUR	Female
chr5	175919196	175923360	4165	chr5-175919197-INV-4165	FALSE	idup_hom	invdup	FALSE	NA12878_H1	285	CEU	EUR	Female
chr5	177946129	178003952	57824	chr5-177946130-INV-57824	FALSE	0|0	0	FALSE	NA12878_H1	286	CEU	EUR	Female
chr5	179643529	179651253	7725	chr5-179633880-INV-24659	FALSE	1|1	1	FALSE	NA12878_H1	287	CEU	EUR	Female
chr5	181098775	181100846	2072	chr5-181095856-INV-7651	FALSE	0|0	0	FALSE	NA12878_H1	288	CEU	EUR	Female
chr5	16978658	16979397	740	chr5-16979045-INV-519	FALSE	0|0	0	FALSE	NA12878_H2	270	CEU	EUR	Female
chr5	17580905	17592445	11541	chr5-17580906-INV-11540	FALSE	0000	complex	FALSE	NA12878_H2	271	CEU	EUR	Female
chr5	21479305	21500726	21422	chr5-21479306-INV-21422	FALSE	2110	complex	FALSE	NA12878_H2	272	CEU	EUR	Female
chr5	29069229	29069523	295	chr5-29069209-INV-308	FALSE	1|1	1	FALSE	NA12878_H2	273	CEU	EUR	Female
chr5	46896906	46915828	18923	chr5-46896907-INV-18922	FALSE	1|1	1	FALSE	NA12878_H2	274	CEU	EUR	Female
chr5	47061568	47082062	20495	chr5-47061569-INV-20494	FALSE	0|0	0	TRUE	NA12878_H2	275	CEU	EUR	Female
chr5	47105115	47151367	46253	chr5-47105116-INV-46253	FALSE	0100	complex	FALSE	NA12878_H2	276	CEU	EUR	Female
chr5	49608476	49645356	36881	chr5-49608477-INV-36881	TRUE	1|1	1	FALSE	NA12878_H2	277	CEU	EUR	Female
chr5	64470920	64477089	6170	chr5-64466170-INV-15635	FALSE	1|1	1	FALSE	NA12878_H2	278	CEU	EUR	Female
chr5	64470928	64475118	4191	chr5-64470929-INV-4190	FALSE	1|1	1	FALSE	NA12878_H2	279	CEU	EUR	Female
chr5	70527773	70533912	6140	chr5-70527774-INV-6139	FALSE	0|0	0	TRUE	NA12878_H2	280	CEU	EUR	Female
chr5	71009586	71093997	84412	chr5-71009587-INV-84412	FALSE	0000	complex	FALSE	NA12878_H2	281	CEU	EUR	Female
chr5	112179911	112236600	56690	chr5-112179912-INV-56689	FALSE	0|0	0	FALSE	NA12878_H2	282	CEU	EUR	Female
chr5	124425560	124546657	121098	chr5-124425561-INV-121098	FALSE	0|0	0	FALSE	NA12878_H2	283	CEU	EUR	Female
chr5	152886744	152892275	5532	chr5-152886745-INV-5532	FALSE	0|0	0	TRUE	NA12878_H2	284	CEU	EUR	Female
chr5	175919196	175923360	4165	chr5-175919197-INV-4165	FALSE	idup_hom	invdup	FALSE	NA12878_H2	285	CEU	EUR	Female
chr5	177946129	178003952	57824	chr5-177946130-INV-57824	FALSE	0|0	0	FALSE	NA12878_H2	286	CEU	EUR	Female
chr5	179643529	179651253	7725	chr5-179633880-INV-24659	FALSE	1|1	1	FALSE	NA12878_H2	287	CEU	EUR	Female
chr5	181098775	181100846	2072	chr5-181095856-INV-7651	FALSE	0|0	0	FALSE	NA12878_H2	288	CEU	EUR	Female
chr6	255825	384491	128667	chr6-255826-INV-128667	FALSE	1021	complex	FALSE	NA12878_H1	290	CEU	EUR	Female
chr6	26736772	26739621	2850	chr6-26736773-INV-2849	FALSE	1|0	1	FALSE	NA12878_H1	291	CEU	EUR	Female
chr6	26738710	26763097	24388	chr6-26738711-INV-24388	FALSE	1|0	1	FALSE	NA12878_H1	292	CEU	EUR	Female
chr6	26760606	26762818	2213	chr6-26760529-INV-3003	FALSE	1|1	1	FALSE	NA12878_H1	293	CEU	EUR	Female
chr6	76109081	76158474	49394	chr6-76111919-INV-44661	FALSE	0|0	0	FALSE	NA12878_H1	294	CEU	EUR	Female
chr6	89213914	89214230	317	chr6-89213913-INV-300	FALSE	0|1	0	FALSE	NA12878_H1	295	CEU	EUR	Female
chr6	94031360	94031695	336	chr6-94031361-INV-335	FALSE	1|1	1	FALSE	NA12878_H1	296	CEU	EUR	Female
chr6	106721331	106723005	1675	chr6-106720700-INV-2930	TRUE	1|1	1	FALSE	NA12878_H1	297	CEU	EUR	Female
chr6	123106049	123109821	3773	chr6-123106042-INV-3793	FALSE	0|0	0	FALSE	NA12878_H1	298	CEU	EUR	Female
chr6	130527041	130531150	4110	chr6-130527042-INV-4267	FALSE	0|0	0	FALSE	NA12878_H1	299	CEU	EUR	Female
chr6	141866310	141898728	32419	chr6-141867315-INV-29159	FALSE	0|0	0	FALSE	NA12878_H1	300	CEU	EUR	Female
chr6	153422309	153430731	8423	chr6-153422310-INV-8423	FALSE	0|0	0	FALSE	NA12878_H1	301	CEU	EUR	Female
chr6	167209001	167357782	148782	chr6-167181003-INV-209976	FALSE	0|0	0	FALSE	NA12878_H1	302	CEU	EUR	Female
chr6	255825	384491	128667	chr6-255826-INV-128667	FALSE	1021	complex	FALSE	NA12878_H2	290	CEU	EUR	Female
chr6	26736772	26739621	2850	chr6-26736773-INV-2849	FALSE	1|0	0	FALSE	NA12878_H2	291	CEU	EUR	Female
chr6	26738710	26763097	24388	chr6-26738711-INV-24388	FALSE	1|0	0	FALSE	NA12878_H2	292	CEU	EUR	Female
chr6	26760606	26762818	2213	chr6-26760529-INV-3003	FALSE	1|1	1	FALSE	NA12878_H2	293	CEU	EUR	Female
chr6	76109081	76158474	49394	chr6-76111919-INV-44661	FALSE	0|0	0	FALSE	NA12878_H2	294	CEU	EUR	Female
chr6	89213914	89214230	317	chr6-89213913-INV-300	FALSE	0|1	1	FALSE	NA12878_H2	295	CEU	EUR	Female
chr6	94031360	94031695	336	chr6-94031361-INV-335	FALSE	1|1	1	FALSE	NA12878_H2	296	CEU	EUR	Female
chr6	106721331	106723005	1675	chr6-106720700-INV-2930	TRUE	1|1	1	FALSE	NA12878_H2	297	CEU	EUR	Female
chr6	123106049	123109821	3773	chr6-123106042-INV-3793	FALSE	0|0	0	FALSE	NA12878_H2	298	CEU	EUR	Female
chr6	130527041	130531150	4110	chr6-130527042-INV-4267	FALSE	0|0	0	FALSE	NA12878_H2	299	CEU	EUR	Female
chr6	141866310	141898728	32419	chr6-141867315-INV-29159	FALSE	0|0	0	FALSE	NA12878_H2	300	CEU	EUR	Female
chr6	153422309	153430731	8423	chr6-153422310-INV-8423	FALSE	0|0	0	FALSE	NA12878_H2	301	CEU	EUR	Female
chr6	167209001	167357782	148782	chr6-167181003-INV-209976	FALSE	0|0	0	FALSE	NA12878_H2	302	CEU	EUR	Female
chr7	5989046	6735643	746598	chr7-5989047-INV-746598	FALSE	0|1	0	FALSE	NA12878_H1	304	CEU	EUR	Female
chr7	33990735	34010143	19409	chr7-33990522-INV-19762	FALSE	0|0	0	FALSE	NA12878_H1	305	CEU	EUR	Female
chr7	40839776	40840871	1096	chr7-40839738-INV-1134	FALSE	0|1	0	FALSE	NA12878_H1	306	CEU	EUR	Female
chr7	47614508	47615262	755	chr7-47614229-INV-1139	FALSE	0|0	0	FALSE	NA12878_H1	307	CEU	EUR	Female
chr7	54234014	54308393	74380	chr7-54220528-INV-101153	FALSE	1|1	1	FALSE	NA12878_H1	308	CEU	EUR	Female
chr7	57486117	57496696	10580	chr7-57486118-INV-10580	FALSE	2110	complex	FALSE	NA12878_H1	309	CEU	EUR	Female
chr7	57641572	57838971	197400	chr7-57641573-INV-197400	FALSE	0|0	0	FALSE	NA12878_H1	310	CEU	EUR	Female
chr7	57835188	58119653	284466	chr7-57835189-INV-284465	FALSE	0|0	0	FALSE	NA12878_H1	311	CEU	EUR	Female
chr7	60898864	60908951	10088	chr7-60898865-INV-10087	FALSE	1|0	1	TRUE	NA12878_H1	312	CEU	EUR	Female
chr7	60911891	61578023	666133	chr7-60911892-INV-666133	FALSE	1|1	1	FALSE	NA12878_H1	313	CEU	EUR	Female
chr7	61714723	61782364	67642	chr7-61714724-INV-67642	FALSE	0|0	0	FALSE	NA12878_H1	314	CEU	EUR	Female
chr7	62144125	62285305	141181	chr7-62144126-INV-141181	TRUE	1|1	1	FALSE	NA12878_H1	315	CEU	EUR	Female
chr7	62290674	62363143	72470	chr7-62290675-INV-72470	FALSE	0|1	0	FALSE	NA12878_H1	316	CEU	EUR	Female
chr7	62373327	62390982	17656	chr7-62373328-INV-17655	TRUE	1|1	1	FALSE	NA12878_H1	317	CEU	EUR	Female
chr7	62408486	62456444	47959	chr7-62408487-INV-47959	FALSE	1|1	1	FALSE	NA12878_H1	318	CEU	EUR	Female
chr7	63356275	63388165	31891	chr7-63356276-INV-31891	FALSE	0|0	0	FALSE	NA12878_H1	319	CEU	EUR	Female
chr7	63729711	63844058	114348	chr7-63729712-INV-114348	FALSE	0|0	0	FALSE	NA12878_H1	320	CEU	EUR	Female
chr7	65219157	65531823	312667	chr7-65219158-INV-312667	FALSE	0|0	0	FALSE	NA12878_H1	321	CEU	EUR	Female
chr7	65572704	65581644	8941	chr7-65565115-INV-74905	FALSE	0|0	0	TRUE	NA12878_H1	322	CEU	EUR	Female
chr7	65793712	65822478	28767	chr7-65793713-INV-28767	FALSE	0|0	0	FALSE	NA12878_H1	323	CEU	EUR	Female
chr7	67019303	67020338	1036	chr7-67019304-INV-851	FALSE	0|0	0	FALSE	NA12878_H1	324	CEU	EUR	Female
chr7	70961198	70973901	12704	chr7-70955928-INV-18020	FALSE	1|1	1	FALSE	NA12878_H1	325	CEU	EUR	Female
chr7	73113989	74799029	1685041	chr7-73113990-INV-1685041	FALSE	0|0	0	FALSE	NA12878_H1	326	CEU	EUR	Female
chr7	74869950	75058098	188149	chr7-74799031-INV-480422	FALSE	0|0	0	FALSE	NA12878_H1	327	CEU	EUR	Female
chr7	76603963	76620409	16447	chr7-76603964-INV-16446	FALSE	noreads	noreads	FALSE	NA12878_H1	328	CEU	EUR	Female
chr7	97445822	97459601	13780	chr7-97445827-INV-13775	FALSE	0|0	0	FALSE	NA12878_H1	329	CEU	EUR	Female
chr7	107418983	107422332	3350	chr7-107418074-INV-5179	FALSE	0100	complex	FALSE	NA12878_H1	330	CEU	EUR	Female
chr7	143716562	143750998	34437	chr7-143716563-INV-34437	FALSE	1|0	1	FALSE	NA12878_H1	331	CEU	EUR	Female
chr7	143779394	143798726	19333	chr7-143779395-INV-19333	FALSE	1|1	1	TRUE	NA12878_H1	332	CEU	EUR	Female
chr7	143808752	143818413	9662	chr7-143808753-INV-9661	FALSE	1|0	1	FALSE	NA12878_H1	333	CEU	EUR	Female
chr7	144254564	144256766	2203	chr7-144254565-INV-2203	FALSE	0|1	0	TRUE	NA12878_H1	334	CEU	EUR	Female
chr7	144254792	144296183	41392	chr7-144244275-INV-62426	FALSE	idup_hom	invdup	FALSE	NA12878_H1	335	CEU	EUR	Female
chr7	152402450	152407535	5086	chr7-152402451-INV-5086	FALSE	idup_hom	invdup	FALSE	NA12878_H1	336	CEU	EUR	Female
chr7	5989046	6735643	746598	chr7-5989047-INV-746598	FALSE	0|1	1	FALSE	NA12878_H2	304	CEU	EUR	Female
chr7	33990735	34010143	19409	chr7-33990522-INV-19762	FALSE	0|0	0	FALSE	NA12878_H2	305	CEU	EUR	Female
chr7	40839776	40840871	1096	chr7-40839738-INV-1134	FALSE	0|1	1	FALSE	NA12878_H2	306	CEU	EUR	Female
chr7	47614508	47615262	755	chr7-47614229-INV-1139	FALSE	0|0	0	FALSE	NA12878_H2	307	CEU	EUR	Female
chr7	54234014	54308393	74380	chr7-54220528-INV-101153	FALSE	1|1	1	FALSE	NA12878_H2	308	CEU	EUR	Female
chr7	57486117	57496696	10580	chr7-57486118-INV-10580	FALSE	2110	complex	FALSE	NA12878_H2	309	CEU	EUR	Female
chr7	57641572	57838971	197400	chr7-57641573-INV-197400	FALSE	0|0	0	FALSE	NA12878_H2	310	CEU	EUR	Female
chr7	57835188	58119653	284466	chr7-57835189-INV-284465	FALSE	0|0	0	FALSE	NA12878_H2	311	CEU	EUR	Female
chr7	60898864	60908951	10088	chr7-60898865-INV-10087	FALSE	1|0	0	TRUE	NA12878_H2	312	CEU	EUR	Female
chr7	60911891	61578023	666133	chr7-60911892-INV-666133	FALSE	1|1	1	FALSE	NA12878_H2	313	CEU	EUR	Female
chr7	61714723	61782364	67642	chr7-61714724-INV-67642	FALSE	0|0	0	FALSE	NA12878_H2	314	CEU	EUR	Female
chr7	62144125	62285305	141181	chr7-62144126-INV-141181	TRUE	1|1	1	FALSE	NA12878_H2	315	CEU	EUR	Female
chr7	62290674	62363143	72470	chr7-62290675-INV-72470	FALSE	0|1	1	FALSE	NA12878_H2	316	CEU	EUR	Female
chr7	62373327	62390982	17656	chr7-62373328-INV-17655	TRUE	1|1	1	FALSE	NA12878_H2	317	CEU	EUR	Female
chr7	62408486	62456444	47959	chr7-62408487-INV-47959	FALSE	1|1	1	FALSE	NA12878_H2	318	CEU	EUR	Female
chr7	63356275	63388165	31891	chr7-63356276-INV-31891	FALSE	0|0	0	FALSE	NA12878_H2	319	CEU	EUR	Female
chr7	63729711	63844058	114348	chr7-63729712-INV-114348	FALSE	0|0	0	FALSE	NA12878_H2	320	CEU	EUR	Female
chr7	65219157	65531823	312667	chr7-65219158-INV-312667	FALSE	0|0	0	FALSE	NA12878_H2	321	CEU	EUR	Female
chr7	65572704	65581644	8941	chr7-65565115-INV-74905	FALSE	0|0	0	TRUE	NA12878_H2	322	CEU	EUR	Female
chr7	65793712	65822478	28767	chr7-65793713-INV-28767	FALSE	0|0	0	FALSE	NA12878_H2	323	CEU	EUR	Female
chr7	67019303	67020338	1036	chr7-67019304-INV-851	FALSE	0|0	0	FALSE	NA12878_H2	324	CEU	EUR	Female
chr7	70961198	70973901	12704	chr7-70955928-INV-18020	FALSE	1|1	1	FALSE	NA12878_H2	325	CEU	EUR	Female
chr7	73113989	74799029	1685041	chr7-73113990-INV-1685041	FALSE	0|0	0	FALSE	NA12878_H2	326	CEU	EUR	Female
chr7	74869950	75058098	188149	chr7-74799031-INV-480422	FALSE	0|0	0	FALSE	NA12878_H2	327	CEU	EUR	Female
chr7	76603963	76620409	16447	chr7-76603964-INV-16446	FALSE	noreads	noreads	FALSE	NA12878_H2	328	CEU	EUR	Female
chr7	97445822	97459601	13780	chr7-97445827-INV-13775	FALSE	0|0	0	FALSE	NA12878_H2	329	CEU	EUR	Female
chr7	107418983	107422332	3350	chr7-107418074-INV-5179	FALSE	0100	complex	FALSE	NA12878_H2	330	CEU	EUR	Female
chr7	143716562	143750998	34437	chr7-143716563-INV-34437	FALSE	1|0	0	FALSE	NA12878_H2	331	CEU	EUR	Female
chr7	143779394	143798726	19333	chr7-143779395-INV-19333	FALSE	1|1	1	TRUE	NA12878_H2	332	CEU	EUR	Female
chr7	143808752	143818413	9662	chr7-143808753-INV-9661	FALSE	1|0	0	FALSE	NA12878_H2	333	CEU	EUR	Female
chr7	144254564	144256766	2203	chr7-144254565-INV-2203	FALSE	0|1	1	TRUE	NA12878_H2	334	CEU	EUR	Female
chr7	144254792	144296183	41392	chr7-144244275-INV-62426	FALSE	idup_hom	invdup	FALSE	NA12878_H2	335	CEU	EUR	Female
chr7	152402450	152407535	5086	chr7-152402451-INV-5086	FALSE	idup_hom	invdup	FALSE	NA12878_H2	336	CEU	EUR	Female
chr8	2343351	2378385	35035	chr8-2340295-INV-42058	FALSE	0|1	0	FALSE	NA12878_H1	338	CEU	EUR	Female
chr8	6297862	6299768	1907	chr8-6297004-INV-3624	TRUE	1|1	1	FALSE	NA12878_H1	339	CEU	EUR	Female
chr8	7301024	12598379	5297356	chr8-7301025-INV-5297356	FALSE	1|1	1	FALSE	NA12878_H1	340	CEU	EUR	Female
chr8	12369152	12394133	24982	chr8-12369153-INV-24982	FALSE	0000	complex	FALSE	NA12878_H1	341	CEU	EUR	Female
chr8	43237792	43241899	4108	chr8-43237793-INV-4108	FALSE	2110	complex	FALSE	NA12878_H1	342	CEU	EUR	Female
chr8	85728658	85741892	13235	chr8-85728659-INV-13234	FALSE	1|1	1	TRUE	NA12878_H1	343	CEU	EUR	Female
chr8	85741974	85762792	20819	chr8-85741975-INV-20818	FALSE	1|1	1	TRUE	NA12878_H1	344	CEU	EUR	Female
chr8	85769984	85821716	51733	chr8-85769985-INV-51732	FALSE	0000	complex	FALSE	NA12878_H1	345	CEU	EUR	Female
chr8	102423403	102423638	236	chr8-102423262-INV-520	FALSE	1|0	1	FALSE	NA12878_H1	346	CEU	EUR	Female
chr8	102880337	102881094	758	chr8-102880338-INV-757	FALSE	0|0	0	FALSE	NA12878_H1	347	CEU	EUR	Female
chr8	121334797	121417882	83086	chr8-121308011-INV-25037	FALSE	0|0	0	FALSE	NA12878_H1	348	CEU	EUR	Female
chr8	2343351	2378385	35035	chr8-2340295-INV-42058	FALSE	0|1	1	FALSE	NA12878_H2	338	CEU	EUR	Female
chr8	6297862	6299768	1907	chr8-6297004-INV-3624	TRUE	1|1	1	FALSE	NA12878_H2	339	CEU	EUR	Female
chr8	7301024	12598379	5297356	chr8-7301025-INV-5297356	FALSE	1|1	1	FALSE	NA12878_H2	340	CEU	EUR	Female
chr8	12369152	12394133	24982	chr8-12369153-INV-24982	FALSE	0000	complex	FALSE	NA12878_H2	341	CEU	EUR	Female
chr8	43237792	43241899	4108	chr8-43237793-INV-4108	FALSE	2110	complex	FALSE	NA12878_H2	342	CEU	EUR	Female
chr8	85728658	85741892	13235	chr8-85728659-INV-13234	FALSE	1|1	1	TRUE	NA12878_H2	343	CEU	EUR	Female
chr8	85741974	85762792	20819	chr8-85741975-INV-20818	FALSE	1|1	1	TRUE	NA12878_H2	344	CEU	EUR	Female
chr8	85769984	85821716	51733	chr8-85769985-INV-51732	FALSE	0000	complex	FALSE	NA12878_H2	345	CEU	EUR	Female
chr8	102423403	102423638	236	chr8-102423262-INV-520	FALSE	1|0	0	FALSE	NA12878_H2	346	CEU	EUR	Female
chr8	102880337	102881094	758	chr8-102880338-INV-757	FALSE	0|0	0	FALSE	NA12878_H2	347	CEU	EUR	Female
chr8	121334797	121417882	83086	chr8-121308011-INV-25037	FALSE	0|0	0	FALSE	NA12878_H2	348	CEU	EUR	Female
chr9	12004038	12074552	70515	chr9-12016541-INV-55306	FALSE	0|0	0	FALSE	NA12878_H1	350	CEU	EUR	Female
chr9	30952354	30956484	4131	chr9-30951702-INV-5595	FALSE	0|0	0	FALSE	NA12878_H1	351	CEU	EUR	Female
chr9	38773640	42796744	4023105	chr9-38773641-INV-4023105	FALSE	1100	complex	FALSE	NA12878_H1	352	CEU	EUR	Female
chr9	64028785	64068456	39672	chr9-64028786-INV-39671	FALSE	1|1	1	FALSE	NA12878_H1	353	CEU	EUR	Female
chr9	85797070	85801040	3971	chr9-85796067-INV-6026	FALSE	0|0	0	FALSE	NA12878_H1	354	CEU	EUR	Female
chr9	87942696	88110274	167579	chr9-87942698-INV-167577	FALSE	0|0	0	FALSE	NA12878_H1	355	CEU	EUR	Female
chr9	91958957	91959591	635	chr9-91958952-INV-763	FALSE	0|0	0	TRUE	NA12878_H1	356	CEU	EUR	Female
chr9	102565838	102570277	4440	chr9-102565835-INV-4446	FALSE	0|0	0	FALSE	NA12878_H1	357	CEU	EUR	Female
chr9	113111686	113112886	1201	chr9-113105213-INV-14149	FALSE	1|1	1	FALSE	NA12878_H1	358	CEU	EUR	Female
chr9	123979106	123991038	11933	chr9-123976301-INV-18001	FALSE	1|1	1	FALSE	NA12878_H1	359	CEU	EUR	Female
chr9	129425466	129443855	18390	chr9-129425467-INV-18390	FALSE	2110	complex	FALSE	NA12878_H1	360	CEU	EUR	Female
chr9	12004038	12074552	70515	chr9-12016541-INV-55306	FALSE	0|0	0	FALSE	NA12878_H2	350	CEU	EUR	Female
chr9	30952354	30956484	4131	chr9-30951702-INV-5595	FALSE	0|0	0	FALSE	NA12878_H2	351	CEU	EUR	Female
chr9	38773640	42796744	4023105	chr9-38773641-INV-4023105	FALSE	1100	complex	FALSE	NA12878_H2	352	CEU	EUR	Female
chr9	64028785	64068456	39672	chr9-64028786-INV-39671	FALSE	1|1	1	FALSE	NA12878_H2	353	CEU	EUR	Female
chr9	85797070	85801040	3971	chr9-85796067-INV-6026	FALSE	0|0	0	FALSE	NA12878_H2	354	CEU	EUR	Female
chr9	87942696	88110274	167579	chr9-87942698-INV-167577	FALSE	0|0	0	FALSE	NA12878_H2	355	CEU	EUR	Female
chr9	91958957	91959591	635	chr9-91958952-INV-763	FALSE	0|0	0	TRUE	NA12878_H2	356	CEU	EUR	Female
chr9	102565838	102570277	4440	chr9-102565835-INV-4446	FALSE	0|0	0	FALSE	NA12878_H2	357	CEU	EUR	Female
chr9	113111686	113112886	1201	chr9-113105213-INV-14149	FALSE	1|1	1	FALSE	NA12878_H2	358	CEU	EUR	Female
chr9	123979106	123991038	11933	chr9-123976301-INV-18001	FALSE	1|1	1	FALSE	NA12878_H2	359	CEU	EUR	Female
chr9	129425466	129443855	18390	chr9-129425467-INV-18390	FALSE	2110	complex	FALSE	NA12878_H2	360	CEU	EUR	Female
chr10	4983056	4984361	1306	chr10-4961364-INV-47135	FALSE	0|1	0	TRUE	NA12878_H1	30	CEU	EUR	Female
chr10	15742803	15760427	17625	chr10-15742645-INV-17942	FALSE	0|0	0	FALSE	NA12878_H1	31	CEU	EUR	Female
chr10	37105149	37111121	5973	chr10-37102555-INV-11157	FALSE	0|0	0	FALSE	NA12878_H1	32	CEU	EUR	Female
chr10	46144703	46204851	60149	chr10-46135869-INV-77646	FALSE	0|0	0	FALSE	NA12878_H1	33	CEU	EUR	Female
chr10	46213494	46283272	69779	chr10-46213495-INV-69778	FALSE	0|0	0	FALSE	NA12878_H1	34	CEU	EUR	Female
chr10	46769328	46857141	87814	chr10-46769329-INV-87814	FALSE	1000	complex	FALSE	NA12878_H1	35	CEU	EUR	Female
chr10	46983451	47468232	484782	chr10-46983452-INV-484782	FALSE	0|1	0	FALSE	NA12878_H1	36	CEU	EUR	Female
chr10	47480263	47546423	66161	chr10-47480264-INV-66161	FALSE	0|1	0	FALSE	NA12878_H1	37	CEU	EUR	Female
chr10	47649265	47756785	107521	chr10-47649266-INV-107520	FALSE	0|1	0	FALSE	NA12878_H1	38	CEU	EUR	Female
chr10	47983093	48044442	61350	chr10-47983094-INV-61350	FALSE	1000	complex	FALSE	NA12878_H1	39	CEU	EUR	Female
chr10	55007431	55013434	6004	chr10-55007454-INV-5370	FALSE	0|0	0	FALSE	NA12878_H1	40	CEU	EUR	Female
chr10	65465445	65470067	4623	chr10-65465442-INV-4580	FALSE	0|0	0	FALSE	NA12878_H1	41	CEU	EUR	Female
chr10	71066858	71067726	869	chr10-71065991-INV-2615	FALSE	0|0	0	FALSE	NA12878_H1	42	CEU	EUR	Female
chr10	73657969	73660146	2178	chr10-73657970-INV-2177	FALSE	0|0	0	FALSE	NA12878_H1	43	CEU	EUR	Female
chr10	79542901	80217413	674513	chr10-79542902-INV-674513	FALSE	0|0	0	FALSE	NA12878_H1	44	CEU	EUR	Female
chr10	87308005	87425030	117026	chr10-87308006-INV-117026	FALSE	0|0	0	FALSE	NA12878_H1	45	CEU	EUR	Female
chr10	91443587	91446029	2443	chr10-91440445-INV-8733	FALSE	1|1	1	FALSE	NA12878_H1	46	CEU	EUR	Female
chr10	103205557	103205994	438	chr10-103197205-INV-9055	FALSE	0|0	0	FALSE	NA12878_H1	47	CEU	EUR	Female
chr10	113411933	113412252	320	chr10-113411929-INV-356	FALSE	0|0	0	TRUE	NA12878_H1	48	CEU	EUR	Female
chr10	131619777	131620717	941	chr10-131619519-INV-1521	FALSE	0|0	0	FALSE	NA12878_H1	49	CEU	EUR	Female
chr10	133657262	133787421	130160	chr10-133657263-INV-130160	FALSE	1021	complex	FALSE	NA12878_H1	50	CEU	EUR	Female
chr10	4983056	4984361	1306	chr10-4961364-INV-47135	FALSE	0|1	1	TRUE	NA12878_H2	30	CEU	EUR	Female
chr10	15742803	15760427	17625	chr10-15742645-INV-17942	FALSE	0|0	0	FALSE	NA12878_H2	31	CEU	EUR	Female
chr10	37105149	37111121	5973	chr10-37102555-INV-11157	FALSE	0|0	0	FALSE	NA12878_H2	32	CEU	EUR	Female
chr10	46144703	46204851	60149	chr10-46135869-INV-77646	FALSE	0|0	0	FALSE	NA12878_H2	33	CEU	EUR	Female
chr10	46213494	46283272	69779	chr10-46213495-INV-69778	FALSE	0|0	0	FALSE	NA12878_H2	34	CEU	EUR	Female
chr10	46769328	46857141	87814	chr10-46769329-INV-87814	FALSE	1000	complex	FALSE	NA12878_H2	35	CEU	EUR	Female
chr10	46983451	47468232	484782	chr10-46983452-INV-484782	FALSE	0|1	1	FALSE	NA12878_H2	36	CEU	EUR	Female
chr10	47480263	47546423	66161	chr10-47480264-INV-66161	FALSE	0|1	1	FALSE	NA12878_H2	37	CEU	EUR	Female
chr10	47649265	47756785	107521	chr10-47649266-INV-107520	FALSE	0|1	1	FALSE	NA12878_H2	38	CEU	EUR	Female
chr10	47983093	48044442	61350	chr10-47983094-INV-61350	FALSE	1000	complex	FALSE	NA12878_H2	39	CEU	EUR	Female
chr10	55007431	55013434	6004	chr10-55007454-INV-5370	FALSE	0|0	0	FALSE	NA12878_H2	40	CEU	EUR	Female
chr10	65465445	65470067	4623	chr10-65465442-INV-4580	FALSE	0|0	0	FALSE	NA12878_H2	41	CEU	EUR	Female
chr10	71066858	71067726	869	chr10-71065991-INV-2615	FALSE	0|0	0	FALSE	NA12878_H2	42	CEU	EUR	Female
chr10	73657969	73660146	2178	chr10-73657970-INV-2177	FALSE	0|0	0	FALSE	NA12878_H2	43	CEU	EUR	Female
chr10	79542901	80217413	674513	chr10-79542902-INV-674513	FALSE	0|0	0	FALSE	NA12878_H2	44	CEU	EUR	Female
chr10	87308005	87425030	117026	chr10-87308006-INV-117026	FALSE	0|0	0	FALSE	NA12878_H2	45	CEU	EUR	Female
chr10	91443587	91446029	2443	chr10-91440445-INV-8733	FALSE	1|1	1	FALSE	NA12878_H2	46	CEU	EUR	Female
chr10	103205557	103205994	438	chr10-103197205-INV-9055	FALSE	0|0	0	FALSE	NA12878_H2	47	CEU	EUR	Female
chr10	113411933	113412252	320	chr10-113411929-INV-356	FALSE	0|0	0	TRUE	NA12878_H2	48	CEU	EUR	Female
chr10	131619777	131620717	941	chr10-131619519-INV-1521	FALSE	0|0	0	FALSE	NA12878_H2	49	CEU	EUR	Female
chr10	133657262	133787421	130160	chr10-133657263-INV-130160	FALSE	1021	complex	FALSE	NA12878_H2	50	CEU	EUR	Female
chr11	311836	317944	6109	chr11-310146-INV-10302	FALSE	0|0	0	FALSE	NA12878_H1	52	CEU	EUR	Female
chr11	738649	740185	1537	chr11-738460-INV-2650	FALSE	0|1	0	FALSE	NA12878_H1	53	CEU	EUR	Female
chr11	1667460	1683267	15808	chr11-1661292-INV-24445	FALSE	noreads	noreads	FALSE	NA12878_H1	54	CEU	EUR	Female
chr11	1894042	1915725	21684	chr11-1894043-INV-21683	TRUE	1|1	1	FALSE	NA12878_H1	55	CEU	EUR	Female
chr11	4271709	4289557	17849	chr11-4271710-INV-17848	FALSE	1|1	1	FALSE	NA12878_H1	56	CEU	EUR	Female
chr11	18249084	18265819	16736	chr11-18246600-INV-21672	FALSE	0|0	0	FALSE	NA12878_H1	57	CEU	EUR	Female
chr11	24263179	24266246	3068	chr11-24263185-INV-392	FALSE	0|0	0	FALSE	NA12878_H1	58	CEU	EUR	Female
chr11	48849290	48878471	29182	chr11-48849291-INV-29182	FALSE	0|0	0	FALSE	NA12878_H1	59	CEU	EUR	Female
chr11	48888300	48892127	3828	chr11-48880392-INV-19590	FALSE	0|0	0	FALSE	NA12878_H1	60	CEU	EUR	Female
chr11	49714144	49729098	14955	chr11-49714145-INV-14955	TRUE	1|1	1	FALSE	NA12878_H1	61	CEU	EUR	Female
chr11	50154999	50324102	169104	chr11-50136371-INV-206505	FALSE	0|0	0	FALSE	NA12878_H1	62	CEU	EUR	Female
chr11	50364388	50425111	60724	chr11-50364389-INV-60724	FALSE	idup_h2	0	FALSE	NA12878_H1	63	CEU	EUR	Female
chr11	55662739	55666690	3952	chr11-55662740-INV-3952	FALSE	1|0	1	FALSE	NA12878_H1	64	CEU	EUR	Female
chr11	62093043	62102999	9957	chr11-62094124-INV-7773	FALSE	0001	complex	FALSE	NA12878_H1	65	CEU	EUR	Female
chr11	66251227	66252453	1227	chr11-66251212-INV-1252	FALSE	0|0	0	FALSE	NA12878_H1	66	CEU	EUR	Female
chr11	71571819	71576724	4906	chr11-71571191-INV-6980	FALSE	0|0	0	FALSE	NA12878_H1	67	CEU	EUR	Female
chr11	89920623	89923848	3226	chr11-89920625-INV-3224	FALSE	0|0	0	FALSE	NA12878_H1	68	CEU	EUR	Female
chr11	311836	317944	6109	chr11-310146-INV-10302	FALSE	0|0	0	FALSE	NA12878_H2	52	CEU	EUR	Female
chr11	738649	740185	1537	chr11-738460-INV-2650	FALSE	0|1	1	FALSE	NA12878_H2	53	CEU	EUR	Female
chr11	1667460	1683267	15808	chr11-1661292-INV-24445	FALSE	noreads	noreads	FALSE	NA12878_H2	54	CEU	EUR	Female
chr11	1894042	1915725	21684	chr11-1894043-INV-21683	TRUE	1|1	1	FALSE	NA12878_H2	55	CEU	EUR	Female
chr11	4271709	4289557	17849	chr11-4271710-INV-17848	FALSE	1|1	1	FALSE	NA12878_H2	56	CEU	EUR	Female
chr11	18249084	18265819	16736	chr11-18246600-INV-21672	FALSE	0|0	0	FALSE	NA12878_H2	57	CEU	EUR	Female
chr11	24263179	24266246	3068	chr11-24263185-INV-392	FALSE	0|0	0	FALSE	NA12878_H2	58	CEU	EUR	Female
chr11	48849290	48878471	29182	chr11-48849291-INV-29182	FALSE	0|0	0	FALSE	NA12878_H2	59	CEU	EUR	Female
chr11	48888300	48892127	3828	chr11-48880392-INV-19590	FALSE	0|0	0	FALSE	NA12878_H2	60	CEU	EUR	Female
chr11	49714144	49729098	14955	chr11-49714145-INV-14955	TRUE	1|1	1	FALSE	NA12878_H2	61	CEU	EUR	Female
chr11	50154999	50324102	169104	chr11-50136371-INV-206505	FALSE	0|0	0	FALSE	NA12878_H2	62	CEU	EUR	Female
chr11	50364388	50425111	60724	chr11-50364389-INV-60724	FALSE	idup_h2	invdup	FALSE	NA12878_H2	63	CEU	EUR	Female
chr11	55662739	55666690	3952	chr11-55662740-INV-3952	FALSE	1|0	0	FALSE	NA12878_H2	64	CEU	EUR	Female
chr11	62093043	62102999	9957	chr11-62094124-INV-7773	FALSE	0001	complex	FALSE	NA12878_H2	65	CEU	EUR	Female
chr11	66251227	66252453	1227	chr11-66251212-INV-1252	FALSE	0|0	0	FALSE	NA12878_H2	66	CEU	EUR	Female
chr11	71571819	71576724	4906	chr11-71571191-INV-6980	FALSE	0|0	0	FALSE	NA12878_H2	67	CEU	EUR	Female
chr11	89920623	89923848	3226	chr11-89920625-INV-3224	FALSE	0|0	0	FALSE	NA12878_H2	68	CEU	EUR	Female
chr12	12392068	12393519	1452	chr12-12391907-INV-1712	TRUE	1|1	1	FALSE	NA12878_H1	70	CEU	EUR	Female
chr12	13392624	13397634	5011	chr12-13392052-INV-6162	FALSE	1|1	1	FALSE	NA12878_H1	71	CEU	EUR	Female
chr12	17774389	17855572	81184	chr12-17771301-INV-87071	TRUE	1|1	1	FALSE	NA12878_H1	72	CEU	EUR	Female
chr12	34773599	34820432	46834	chr12-34773600-INV-46834	TRUE	1|1	1	FALSE	NA12878_H1	73	CEU	EUR	Female
chr12	34834837	37181298	2346462	chr12-34834838-INV-2346462	TRUE	1|1	1	FALSE	NA12878_H1	74	CEU	EUR	Female
chr12	37705668	37737662	31995	chr12-37705669-INV-31994	FALSE	0|0	0	FALSE	NA12878_H1	75	CEU	EUR	Female
chr12	46896694	46915975	19282	chr12-46897663-INV-16289	FALSE	0|0	0	FALSE	NA12878_H1	76	CEU	EUR	Female
chr12	71546200	71547738	1539	chr12-71546144-INV-1652	FALSE	1|0	1	FALSE	NA12878_H1	77	CEU	EUR	Female
chr12	75713180	75731794	18615	chr12-75713181-INV-18615	FALSE	0|0	0	FALSE	NA12878_H1	78	CEU	EUR	Female
chr12	80451355	80454331	2977	chr12-80451356-INV-2977	TRUE	1|1	1	FALSE	NA12878_H1	79	CEU	EUR	Female
chr12	80461776	80464616	2841	chr12-80461777-INV-2841	TRUE	1|1	1	FALSE	NA12878_H1	80	CEU	EUR	Female
chr12	86847821	86857785	9965	chr12-86846386-INV-12781	TRUE	1|1	1	FALSE	NA12878_H1	81	CEU	EUR	Female
chr12	131295603	131312193	16591	chr12-131295604-INV-16591	FALSE	0|0	0	FALSE	NA12878_H1	82	CEU	EUR	Female
chr12	131312081	131644839	332759	chr12-131312082-INV-332759	FALSE	0|0	0	FALSE	NA12878_H1	83	CEU	EUR	Female
chr12	131333943	131623807	289865	chr12-131333944-INV-289865	FALSE	0|0	0	FALSE	NA12878_H1	84	CEU	EUR	Female
chr12	12392068	12393519	1452	chr12-12391907-INV-1712	TRUE	1|1	1	FALSE	NA12878_H2	70	CEU	EUR	Female
chr12	13392624	13397634	5011	chr12-13392052-INV-6162	FALSE	1|1	1	FALSE	NA12878_H2	71	CEU	EUR	Female
chr12	17774389	17855572	81184	chr12-17771301-INV-87071	TRUE	1|1	1	FALSE	NA12878_H2	72	CEU	EUR	Female
chr12	34773599	34820432	46834	chr12-34773600-INV-46834	TRUE	1|1	1	FALSE	NA12878_H2	73	CEU	EUR	Female
chr12	34834837	37181298	2346462	chr12-34834838-INV-2346462	TRUE	1|1	1	FALSE	NA12878_H2	74	CEU	EUR	Female
chr12	37705668	37737662	31995	chr12-37705669-INV-31994	FALSE	0|0	0	FALSE	NA12878_H2	75	CEU	EUR	Female
chr12	46896694	46915975	19282	chr12-46897663-INV-16289	FALSE	0|0	0	FALSE	NA12878_H2	76	CEU	EUR	Female
chr12	71546200	71547738	1539	chr12-71546144-INV-1652	FALSE	1|0	0	FALSE	NA12878_H2	77	CEU	EUR	Female
chr12	75713180	75731794	18615	chr12-75713181-INV-18615	FALSE	0|0	0	FALSE	NA12878_H2	78	CEU	EUR	Female
chr12	80451355	80454331	2977	chr12-80451356-INV-2977	TRUE	1|1	1	FALSE	NA12878_H2	79	CEU	EUR	Female
chr12	80461776	80464616	2841	chr12-80461777-INV-2841	TRUE	1|1	1	FALSE	NA12878_H2	80	CEU	EUR	Female
chr12	86847821	86857785	9965	chr12-86846386-INV-12781	TRUE	1|1	1	FALSE	NA12878_H2	81	CEU	EUR	Female
chr12	131295603	131312193	16591	chr12-131295604-INV-16591	FALSE	0|0	0	FALSE	NA12878_H2	82	CEU	EUR	Female
chr12	131312081	131644839	332759	chr12-131312082-INV-332759	FALSE	0|0	0	FALSE	NA12878_H2	83	CEU	EUR	Female
chr12	131333943	131623807	289865	chr12-131333944-INV-289865	FALSE	0|0	0	FALSE	NA12878_H2	84	CEU	EUR	Female
chr13	37315207	37317760	2554	chr13-37314466-INV-4035	FALSE	0|0	0	FALSE	NA12878_H1	86	CEU	EUR	Female
chr13	48199250	48206639	7390	chr13-48199211-INV-7451	FALSE	0|0	0	FALSE	NA12878_H1	87	CEU	EUR	Female
chr13	52310302	52320954	10653	chr13-52310303-INV-10653	FALSE	0|0	0	FALSE	NA12878_H1	88	CEU	EUR	Female
chr13	52344010	52502256	158247	chr13-52344011-INV-158247	FALSE	0|0	0	FALSE	NA12878_H1	89	CEU	EUR	Female
chr13	53902573	54093373	190801	chr13-53902574-INV-190801	FALSE	0|0	0	FALSE	NA12878_H1	90	CEU	EUR	Female
chr13	63048102	63068468	20367	chr13-63048103-INV-20367	FALSE	0|0	0	FALSE	NA12878_H1	91	CEU	EUR	Female
chr13	63727377	63820968	93592	chr13-63717417-INV-120779	FALSE	0|0	0	FALSE	NA12878_H1	92	CEU	EUR	Female
chr13	64598737	64616218	17482	chr13-64598738-INV-17482	FALSE	0|0	0	FALSE	NA12878_H1	93	CEU	EUR	Female
chr13	79823210	79839670	16461	chr13-79822252-INV-17591	FALSE	0|0	0	FALSE	NA12878_H1	94	CEU	EUR	Female
chr13	97456283	97456722	440	chr13-97456279-INV-437	FALSE	0|0	0	TRUE	NA12878_H1	95	CEU	EUR	Female
chr13	37315207	37317760	2554	chr13-37314466-INV-4035	FALSE	0|0	0	FALSE	NA12878_H2	86	CEU	EUR	Female
chr13	48199250	48206639	7390	chr13-48199211-INV-7451	FALSE	0|0	0	FALSE	NA12878_H2	87	CEU	EUR	Female
chr13	52310302	52320954	10653	chr13-52310303-INV-10653	FALSE	0|0	0	FALSE	NA12878_H2	88	CEU	EUR	Female
chr13	52344010	52502256	158247	chr13-52344011-INV-158247	FALSE	0|0	0	FALSE	NA12878_H2	89	CEU	EUR	Female
chr13	53902573	54093373	190801	chr13-53902574-INV-190801	FALSE	0|0	0	FALSE	NA12878_H2	90	CEU	EUR	Female
chr13	63048102	63068468	20367	chr13-63048103-INV-20367	FALSE	0|0	0	FALSE	NA12878_H2	91	CEU	EUR	Female
chr13	63727377	63820968	93592	chr13-63717417-INV-120779	FALSE	0|0	0	FALSE	NA12878_H2	92	CEU	EUR	Female
chr13	64598737	64616218	17482	chr13-64598738-INV-17482	FALSE	0|0	0	FALSE	NA12878_H2	93	CEU	EUR	Female
chr13	79823210	79839670	16461	chr13-79822252-INV-17591	FALSE	0|0	0	FALSE	NA12878_H2	94	CEU	EUR	Female
chr13	97456283	97456722	440	chr13-97456279-INV-437	FALSE	0|0	0	TRUE	NA12878_H2	95	CEU	EUR	Female
chr14	18862645	19659006	796362	chr14-18862646-INV-796362	FALSE	1100	complex	FALSE	NA12878_H1	97	CEU	EUR	Female
chr14	19726390	19956169	229780	chr14-19726391-INV-229780	FALSE	0|0	0	FALSE	NA12878_H1	98	CEU	EUR	Female
chr14	34547864	34555230	7367	chr14-34540582-INV-21874	FALSE	0|1	0	FALSE	NA12878_H1	99	CEU	EUR	Female
chr14	60606118	60611659	5542	chr14-60604531-INV-8718	FALSE	0|0	0	FALSE	NA12878_H1	100	CEU	EUR	Female
chr14	65375818	65376683	866	chr14-65375818-INV-880	FALSE	0|0	0	TRUE	NA12878_H1	101	CEU	EUR	Female
chr14	85872200	85889269	17070	chr14-85872201-INV-17070	FALSE	0|0	0	FALSE	NA12878_H1	102	CEU	EUR	Female
chr14	105573622	105577544	3923	chr14-105571550-INV-8996	FALSE	0|0	0	TRUE	NA12878_H1	103	CEU	EUR	Female
chr14	105693931	105698385	4455	chr14-105692001-INV-7875	FALSE	noreads	noreads	FALSE	NA12878_H1	104	CEU	EUR	Female
chr14	105710125	105896979	186855	chr14-105710126-INV-186854	FALSE	noreads	noreads	FALSE	NA12878_H1	105	CEU	EUR	Female
chr14	105914709	106064136	149428	chr14-105914710-INV-149428	FALSE	noreads	noreads	FALSE	NA12878_H1	106	CEU	EUR	Female
chr14	106369953	106583811	213859	chr14-106369954-INV-213859	FALSE	noreads	noreads	FALSE	NA12878_H1	107	CEU	EUR	Female
chr14	18862645	19659006	796362	chr14-18862646-INV-796362	FALSE	1100	complex	FALSE	NA12878_H2	97	CEU	EUR	Female
chr14	19726390	19956169	229780	chr14-19726391-INV-229780	FALSE	0|0	0	FALSE	NA12878_H2	98	CEU	EUR	Female
chr14	34547864	34555230	7367	chr14-34540582-INV-21874	FALSE	0|1	1	FALSE	NA12878_H2	99	CEU	EUR	Female
chr14	60606118	60611659	5542	chr14-60604531-INV-8718	FALSE	0|0	0	FALSE	NA12878_H2	100	CEU	EUR	Female
chr14	65375818	65376683	866	chr14-65375818-INV-880	FALSE	0|0	0	TRUE	NA12878_H2	101	CEU	EUR	Female
chr14	85872200	85889269	17070	chr14-85872201-INV-17070	FALSE	0|0	0	FALSE	NA12878_H2	102	CEU	EUR	Female
chr14	105573622	105577544	3923	chr14-105571550-INV-8996	FALSE	0|0	0	TRUE	NA12878_H2	103	CEU	EUR	Female
chr14	105693931	105698385	4455	chr14-105692001-INV-7875	FALSE	noreads	noreads	FALSE	NA12878_H2	104	CEU	EUR	Female
chr14	105710125	105896979	186855	chr14-105710126-INV-186854	FALSE	noreads	noreads	FALSE	NA12878_H2	105	CEU	EUR	Female
chr14	105914709	106064136	149428	chr14-105914710-INV-149428	FALSE	noreads	noreads	FALSE	NA12878_H2	106	CEU	EUR	Female
chr14	106369953	106583811	213859	chr14-106369954-INV-213859	FALSE	noreads	noreads	FALSE	NA12878_H2	107	CEU	EUR	Female
chr15	17506622	19701638	2195017	chr15-17506623-INV-2195017	TRUE	1|1	1	FALSE	NA12878_H1	109	CEU	EUR	Female
chr15	20336074	20392986	56913	chr15-20336075-INV-56912	FALSE	0021	complex	FALSE	NA12878_H1	110	CEU	EUR	Female
chr15	20673518	20675754	2237	chr15-20673519-INV-2236	FALSE	0|0	0	TRUE	NA12878_H1	111	CEU	EUR	Female
chr15	21242493	21362818	120326	chr15-21242494-INV-120325	FALSE	0001	complex	FALSE	NA12878_H1	112	CEU	EUR	Female
chr15	22180495	22358241	177747	chr15-22180496-INV-177747	FALSE	0|1	0	FALSE	NA12878_H1	113	CEU	EUR	Female
chr15	22701127	23213881	512755	chr15-22701128-INV-512754	FALSE	0|0	0	FALSE	NA12878_H1	114	CEU	EUR	Female
chr15	23295576	23318191	22616	chr15-23295577-INV-22616	FALSE	1|1	1	FALSE	NA12878_H1	115	CEU	EUR	Female
chr15	23345459	28389868	5044410	chr15-23345460-INV-5044410	FALSE	0|0	0	FALSE	NA12878_H1	116	CEU	EUR	Female
chr15	28298424	28623514	325091	chr15-28298425-INV-325091	FALSE	0000	complex	FALSE	NA12878_H1	117	CEU	EUR	Female
chr15	28452496	28465083	12588	chr15-28452053-INV-15809	FALSE	0|0	0	TRUE	NA12878_H1	118	CEU	EUR	Female
chr15	30436458	30529803	93346	chr15-30434572-INV-97097	FALSE	1000	complex	FALSE	NA12878_H1	119	CEU	EUR	Female
chr15	30618103	32153204	1535102	chr15-30618104-INV-1535102	FALSE	0|1	0	FALSE	NA12878_H1	120	CEU	EUR	Female
chr15	32477828	32571283	93456	chr15-32475961-INV-97199	FALSE	0000	complex	FALSE	NA12878_H1	121	CEU	EUR	Female
chr15	45026828	45031545	4718	chr15-45026829-INV-4718	FALSE	0|0	0	FALSE	NA12878_H1	122	CEU	EUR	Female
chr15	75272758	75293490	20733	chr15-75272759-INV-20732	FALSE	0112	complex	FALSE	NA12878_H1	123	CEU	EUR	Female
chr15	82330918	82357797	26880	chr15-82330919-INV-26880	FALSE	0|0	0	TRUE	NA12878_H1	124	CEU	EUR	Female
chr15	82360482	82515134	154653	chr15-82360483-INV-154653	FALSE	0|1	0	FALSE	NA12878_H1	125	CEU	EUR	Female
chr15	84373375	84416696	43322	chr15-84373376-INV-43322	FALSE	0|0	0	FALSE	NA12878_H1	126	CEU	EUR	Female
chr15	17506622	19701638	2195017	chr15-17506623-INV-2195017	TRUE	1|1	1	FALSE	NA12878_H2	109	CEU	EUR	Female
chr15	20336074	20392986	56913	chr15-20336075-INV-56912	FALSE	0021	complex	FALSE	NA12878_H2	110	CEU	EUR	Female
chr15	20673518	20675754	2237	chr15-20673519-INV-2236	FALSE	0|0	0	TRUE	NA12878_H2	111	CEU	EUR	Female
chr15	21242493	21362818	120326	chr15-21242494-INV-120325	FALSE	0001	complex	FALSE	NA12878_H2	112	CEU	EUR	Female
chr15	22180495	22358241	177747	chr15-22180496-INV-177747	FALSE	0|1	1	FALSE	NA12878_H2	113	CEU	EUR	Female
chr15	22701127	23213881	512755	chr15-22701128-INV-512754	FALSE	0|0	0	FALSE	NA12878_H2	114	CEU	EUR	Female
chr15	23295576	23318191	22616	chr15-23295577-INV-22616	FALSE	1|1	1	FALSE	NA12878_H2	115	CEU	EUR	Female
chr15	23345459	28389868	5044410	chr15-23345460-INV-5044410	FALSE	0|0	0	FALSE	NA12878_H2	116	CEU	EUR	Female
chr15	28298424	28623514	325091	chr15-28298425-INV-325091	FALSE	0000	complex	FALSE	NA12878_H2	117	CEU	EUR	Female
chr15	28452496	28465083	12588	chr15-28452053-INV-15809	FALSE	0|0	0	TRUE	NA12878_H2	118	CEU	EUR	Female
chr15	30436458	30529803	93346	chr15-30434572-INV-97097	FALSE	1000	complex	FALSE	NA12878_H2	119	CEU	EUR	Female
chr15	30618103	32153204	1535102	chr15-30618104-INV-1535102	FALSE	0|1	1	FALSE	NA12878_H2	120	CEU	EUR	Female
chr15	32477828	32571283	93456	chr15-32475961-INV-97199	FALSE	0000	complex	FALSE	NA12878_H2	121	CEU	EUR	Female
chr15	45026828	45031545	4718	chr15-45026829-INV-4718	FALSE	0|0	0	FALSE	NA12878_H2	122	CEU	EUR	Female
chr15	75272758	75293490	20733	chr15-75272759-INV-20732	FALSE	0112	complex	FALSE	NA12878_H2	123	CEU	EUR	Female
chr15	82330918	82357797	26880	chr15-82330919-INV-26880	FALSE	0|0	0	TRUE	NA12878_H2	124	CEU	EUR	Female
chr15	82360482	82515134	154653	chr15-82360483-INV-154653	FALSE	0|1	1	FALSE	NA12878_H2	125	CEU	EUR	Female
chr15	84373375	84416696	43322	chr15-84373376-INV-43322	FALSE	0|0	0	FALSE	NA12878_H2	126	CEU	EUR	Female
chr16	1245200	1247503	2304	chr16-1226779-INV-28828	FALSE	1|1	1	FALSE	NA12878_H1	128	CEU	EUR	Female
chr16	14907775	15028479	120705	chr16-14907776-INV-120705	FALSE	0100	complex	FALSE	NA12878_H1	129	CEU	EUR	Female
chr16	14954790	15100859	146070	chr16-15028481-INV-133352	FALSE	1|1	1	FALSE	NA12878_H1	130	CEU	EUR	Female
chr16	15115787	15116443	657	chr16-15115788-INV-656	FALSE	noreads	noreads	FALSE	NA12878_H1	131	CEU	EUR	Female
chr16	15384482	16276146	891665	chr16-15384483-INV-891665	FALSE	0|0	0	FALSE	NA12878_H1	132	CEU	EUR	Female
chr16	16631735	16637867	6133	chr16-16631736-INV-6133	FALSE	0|1	0	TRUE	NA12878_H1	133	CEU	EUR	Female
chr16	16721273	18073542	1352270	chr16-16721274-INV-1352270	FALSE	0|0	0	FALSE	NA12878_H1	134	CEU	EUR	Female
chr16	18337348	18356673	19326	chr16-18337349-INV-19325	FALSE	0|0	0	TRUE	NA12878_H1	135	CEU	EUR	Female
chr16	20506046	20521893	15848	chr16-20506047-INV-15848	FALSE	1|0	1	FALSE	NA12878_H1	136	CEU	EUR	Female
chr16	21374580	21583510	208931	chr16-21374581-INV-208931	FALSE	idup_hom	invdup	FALSE	NA12878_H1	137	CEU	EUR	Female
chr16	21583511	22432381	848871	chr16-21583512-INV-848871	FALSE	1|1	1	FALSE	NA12878_H1	138	CEU	EUR	Female
chr16	21864964	22432381	567418	chr16-21864965-INV-567418	FALSE	1|1	1	FALSE	NA12878_H1	139	CEU	EUR	Female
chr16	22613939	22698804	84866	chr16-22613940-INV-84866	FALSE	idup_hom	invdup	FALSE	NA12878_H1	140	CEU	EUR	Female
chr16	28471892	28637651	165760	chr16-28471894-INV-165758	FALSE	0|0	0	FALSE	NA12878_H1	141	CEU	EUR	Female
chr16	28709344	28776487	67144	chr16-28709345-INV-67143	FALSE	0|0	0	FALSE	NA12878_H1	142	CEU	EUR	Female
chr16	32364220	32528442	164223	chr16-32364221-INV-164223	FALSE	0|0	0	FALSE	NA12878_H1	143	CEU	EUR	Female
chr16	32755978	32879590	123613	chr16-32755979-INV-123613	FALSE	0|0	0	FALSE	NA12878_H1	144	CEU	EUR	Female
chr16	32991171	33102750	111580	chr16-32991172-INV-111580	FALSE	0|0	0	FALSE	NA12878_H1	145	CEU	EUR	Female
chr16	33958612	34274112	315501	chr16-33958613-INV-315500	FALSE	0|0	0	FALSE	NA12878_H1	146	CEU	EUR	Female
chr16	34063951	34099271	35321	chr16-34063952-INV-35321	FALSE	2110	complex	FALSE	NA12878_H1	147	CEU	EUR	Female
chr16	34484033	36334975	1850943	chr16-34484034-INV-1850943	TRUE	1201	complex	FALSE	NA12878_H1	148	CEU	EUR	Female
chr16	34507814	34520859	13046	chr16-34507815-INV-13045	FALSE	0000	complex	FALSE	NA12878_H1	149	CEU	EUR	Female
chr16	34577841	34580535	2695	chr16-34577842-INV-2694	FALSE	noreads	noreads	FALSE	NA12878_H1	150	CEU	EUR	Female
chr16	35157740	35523366	365627	chr16-35161918-INV-361626	TRUE	1101	complex	FALSE	NA12878_H1	151	CEU	EUR	Female
chr16	35226544	35592170	365627	chr16-35230722-INV-292443	TRUE	1101	complex	FALSE	NA12878_H1	152	CEU	EUR	Female
chr16	35946683	35952382	5700	chr16-35945424-INV-12423	FALSE	1|1	1	FALSE	NA12878_H1	153	CEU	EUR	Female
chr16	46383780	46384105	326	chr16-46383781-INV-325	FALSE	noreads	noreads	FALSE	NA12878_H1	154	CEU	EUR	Female
chr16	48616945	48617439	495	chr16-48616946-INV-494	FALSE	0|1	0	TRUE	NA12878_H1	155	CEU	EUR	Female
chr16	55798459	55831288	32830	chr16-55798460-invDup-32830	FALSE	0|0	0	TRUE	NA12878_H1	156	CEU	EUR	Female
chr16	70075643	70205976	130334	chr16-70075644-INV-130333	FALSE	0|0	0	FALSE	NA12878_H1	157	CEU	EUR	Female
chr16	70149552	70162881	13330	chr16-70149553-INV-13330	FALSE	0|0	0	FALSE	NA12878_H1	158	CEU	EUR	Female
chr16	75206214	75222748	16535	chr16-75204855-INV-19244	FALSE	1|0	1	FALSE	NA12878_H1	159	CEU	EUR	Female
chr16	85155339	85156001	663	chr16-85155144-INV-1053	FALSE	1|1	1	FALSE	NA12878_H1	160	CEU	EUR	Female
chr16	1245200	1247503	2304	chr16-1226779-INV-28828	FALSE	1|1	1	FALSE	NA12878_H2	128	CEU	EUR	Female
chr16	14907775	15028479	120705	chr16-14907776-INV-120705	FALSE	0100	complex	FALSE	NA12878_H2	129	CEU	EUR	Female
chr16	14954790	15100859	146070	chr16-15028481-INV-133352	FALSE	1|1	1	FALSE	NA12878_H2	130	CEU	EUR	Female
chr16	15115787	15116443	657	chr16-15115788-INV-656	FALSE	noreads	noreads	FALSE	NA12878_H2	131	CEU	EUR	Female
chr16	15384482	16276146	891665	chr16-15384483-INV-891665	FALSE	0|0	0	FALSE	NA12878_H2	132	CEU	EUR	Female
chr16	16631735	16637867	6133	chr16-16631736-INV-6133	FALSE	0|1	1	TRUE	NA12878_H2	133	CEU	EUR	Female
chr16	16721273	18073542	1352270	chr16-16721274-INV-1352270	FALSE	0|0	0	FALSE	NA12878_H2	134	CEU	EUR	Female
chr16	18337348	18356673	19326	chr16-18337349-INV-19325	FALSE	0|0	0	TRUE	NA12878_H2	135	CEU	EUR	Female
chr16	20506046	20521893	15848	chr16-20506047-INV-15848	FALSE	1|0	0	FALSE	NA12878_H2	136	CEU	EUR	Female
chr16	21374580	21583510	208931	chr16-21374581-INV-208931	FALSE	idup_hom	invdup	FALSE	NA12878_H2	137	CEU	EUR	Female
chr16	21583511	22432381	848871	chr16-21583512-INV-848871	FALSE	1|1	1	FALSE	NA12878_H2	138	CEU	EUR	Female
chr16	21864964	22432381	567418	chr16-21864965-INV-567418	FALSE	1|1	1	FALSE	NA12878_H2	139	CEU	EUR	Female
chr16	22613939	22698804	84866	chr16-22613940-INV-84866	FALSE	idup_hom	invdup	FALSE	NA12878_H2	140	CEU	EUR	Female
chr16	28471892	28637651	165760	chr16-28471894-INV-165758	FALSE	0|0	0	FALSE	NA12878_H2	141	CEU	EUR	Female
chr16	28709344	28776487	67144	chr16-28709345-INV-67143	FALSE	0|0	0	FALSE	NA12878_H2	142	CEU	EUR	Female
chr16	32364220	32528442	164223	chr16-32364221-INV-164223	FALSE	0|0	0	FALSE	NA12878_H2	143	CEU	EUR	Female
chr16	32755978	32879590	123613	chr16-32755979-INV-123613	FALSE	0|0	0	FALSE	NA12878_H2	144	CEU	EUR	Female
chr16	32991171	33102750	111580	chr16-32991172-INV-111580	FALSE	0|0	0	FALSE	NA12878_H2	145	CEU	EUR	Female
chr16	33958612	34274112	315501	chr16-33958613-INV-315500	FALSE	0|0	0	FALSE	NA12878_H2	146	CEU	EUR	Female
chr16	34063951	34099271	35321	chr16-34063952-INV-35321	FALSE	2110	complex	FALSE	NA12878_H2	147	CEU	EUR	Female
chr16	34484033	36334975	1850943	chr16-34484034-INV-1850943	TRUE	1201	complex	FALSE	NA12878_H2	148	CEU	EUR	Female
chr16	34507814	34520859	13046	chr16-34507815-INV-13045	FALSE	0000	complex	FALSE	NA12878_H2	149	CEU	EUR	Female
chr16	34577841	34580535	2695	chr16-34577842-INV-2694	FALSE	noreads	noreads	FALSE	NA12878_H2	150	CEU	EUR	Female
chr16	35157740	35523366	365627	chr16-35161918-INV-361626	TRUE	1101	complex	FALSE	NA12878_H2	151	CEU	EUR	Female
chr16	35226544	35592170	365627	chr16-35230722-INV-292443	TRUE	1101	complex	FALSE	NA12878_H2	152	CEU	EUR	Female
chr16	35946683	35952382	5700	chr16-35945424-INV-12423	FALSE	1|1	1	FALSE	NA12878_H2	153	CEU	EUR	Female
chr16	46383780	46384105	326	chr16-46383781-INV-325	FALSE	noreads	noreads	FALSE	NA12878_H2	154	CEU	EUR	Female
chr16	48616945	48617439	495	chr16-48616946-INV-494	FALSE	0|1	1	TRUE	NA12878_H2	155	CEU	EUR	Female
chr16	55798459	55831288	32830	chr16-55798460-invDup-32830	FALSE	0|0	0	TRUE	NA12878_H2	156	CEU	EUR	Female
chr16	70075643	70205976	130334	chr16-70075644-INV-130333	FALSE	0|0	0	FALSE	NA12878_H2	157	CEU	EUR	Female
chr16	70149552	70162881	13330	chr16-70149553-INV-13330	FALSE	0|0	0	FALSE	NA12878_H2	158	CEU	EUR	Female
chr16	75206214	75222748	16535	chr16-75204855-INV-19244	FALSE	1|0	0	FALSE	NA12878_H2	159	CEU	EUR	Female
chr16	85155339	85156001	663	chr16-85155144-INV-1053	FALSE	1|1	1	FALSE	NA12878_H2	160	CEU	EUR	Female
chr17	3082008	3221835	139828	chr17-3052058-INV-200164	FALSE	0|0	0	FALSE	NA12878_H1	162	CEU	EUR	Female
chr17	5982838	5983104	267	chr17-5982217-INV-1513	FALSE	1|1	1	FALSE	NA12878_H1	163	CEU	EUR	Female
chr17	16811812	16823489	11678	chr17-16811813-INV-11678	FALSE	3100	complex	FALSE	NA12878_H1	164	CEU	EUR	Female
chr17	16823490	18384190	1560701	chr17-16823491-INV-1560701	FALSE	0|0	0	FALSE	NA12878_H1	165	CEU	EUR	Female
chr17	18622359	18823773	201415	chr17-18677352-INV-146444	FALSE	0|0	0	FALSE	NA12878_H1	166	CEU	EUR	Female
chr17	19240628	21558840	2318213	chr17-19240629-invDup-2318213	FALSE	0|0	0	FALSE	NA12878_H1	167	CEU	EUR	Female
chr17	21305697	21480257	174561	chr17-21305698-INV-174560	FALSE	0|0	0	FALSE	NA12878_H1	168	CEU	EUR	Female
chr17	26880608	26885979	5372	chr17-26880609-INV-5372	TRUE	1|1	1	FALSE	NA12878_H1	169	CEU	EUR	Female
chr17	30621881	30625589	3709	chr17-30616357-INV-14733	FALSE	0|0	0	FALSE	NA12878_H1	170	CEU	EUR	Female
chr17	36109569	36223772	114204	chr17-36109570-INV-114204	FALSE	0|0	0	FALSE	NA12878_H1	171	CEU	EUR	Female
chr17	37415181	37415638	458	chr17-37415091-INV-607	FALSE	noreads	noreads	FALSE	NA12878_H1	172	CEU	EUR	Female
chr17	43232908	43321964	89057	chr17-43231917-INV-93156	FALSE	1|1	1	FALSE	NA12878_H1	173	CEU	EUR	Female
chr17	43263148	43322883	59736	chr17-43263149-INV-59735	FALSE	1|1	1	FALSE	NA12878_H1	174	CEU	EUR	Female
chr17	45573556	45585158	11603	chr17-45573557-INV-11603	FALSE	idup_hom	invdup	FALSE	NA12878_H1	175	CEU	EUR	Female
chr17	45585159	46292045	706887	chr17-45585160-INV-706887	FALSE	0|0	0	FALSE	NA12878_H1	176	CEU	EUR	Female
chr17	60035640	60110888	75249	chr17-60019740-INV-107140	FALSE	0|0	0	FALSE	NA12878_H1	177	CEU	EUR	Female
chr17	76181937	76182932	996	chr17-76181651-INV-1551	FALSE	0|0	0	TRUE	NA12878_H1	178	CEU	EUR	Female
chr17	3082008	3221835	139828	chr17-3052058-INV-200164	FALSE	0|0	0	FALSE	NA12878_H2	162	CEU	EUR	Female
chr17	5982838	5983104	267	chr17-5982217-INV-1513	FALSE	1|1	1	FALSE	NA12878_H2	163	CEU	EUR	Female
chr17	16811812	16823489	11678	chr17-16811813-INV-11678	FALSE	3100	complex	FALSE	NA12878_H2	164	CEU	EUR	Female
chr17	16823490	18384190	1560701	chr17-16823491-INV-1560701	FALSE	0|0	0	FALSE	NA12878_H2	165	CEU	EUR	Female
chr17	18622359	18823773	201415	chr17-18677352-INV-146444	FALSE	0|0	0	FALSE	NA12878_H2	166	CEU	EUR	Female
chr17	19240628	21558840	2318213	chr17-19240629-invDup-2318213	FALSE	0|0	0	FALSE	NA12878_H2	167	CEU	EUR	Female
chr17	21305697	21480257	174561	chr17-21305698-INV-174560	FALSE	0|0	0	FALSE	NA12878_H2	168	CEU	EUR	Female
chr17	26880608	26885979	5372	chr17-26880609-INV-5372	TRUE	1|1	1	FALSE	NA12878_H2	169	CEU	EUR	Female
chr17	30621881	30625589	3709	chr17-30616357-INV-14733	FALSE	0|0	0	FALSE	NA12878_H2	170	CEU	EUR	Female
chr17	36109569	36223772	114204	chr17-36109570-INV-114204	FALSE	0|0	0	FALSE	NA12878_H2	171	CEU	EUR	Female
chr17	37415181	37415638	458	chr17-37415091-INV-607	FALSE	noreads	noreads	FALSE	NA12878_H2	172	CEU	EUR	Female
chr17	43232908	43321964	89057	chr17-43231917-INV-93156	FALSE	1|1	1	FALSE	NA12878_H2	173	CEU	EUR	Female
chr17	43263148	43322883	59736	chr17-43263149-INV-59735	FALSE	1|1	1	FALSE	NA12878_H2	174	CEU	EUR	Female
chr17	45573556	45585158	11603	chr17-45573557-INV-11603	FALSE	idup_hom	invdup	FALSE	NA12878_H2	175	CEU	EUR	Female
chr17	45585159	46292045	706887	chr17-45585160-INV-706887	FALSE	0|0	0	FALSE	NA12878_H2	176	CEU	EUR	Female
chr17	60035640	60110888	75249	chr17-60019740-INV-107140	FALSE	0|0	0	FALSE	NA12878_H2	177	CEU	EUR	Female
chr17	76181937	76182932	996	chr17-76181651-INV-1551	FALSE	0|0	0	TRUE	NA12878_H2	178	CEU	EUR	Female
chr18	12145103	12146503	1401	chr18-12141485-INV-8631	FALSE	1|0	1	FALSE	NA12878_H1	180	CEU	EUR	Female
chr18	20562339	20601393	39055	chr18-20562340-INV-39055	TRUE	1|1	1	FALSE	NA12878_H1	181	CEU	EUR	Female
chr18	20813184	20836515	23332	chr18-20814796-INV-23654	TRUE	1|1	1	FALSE	NA12878_H1	182	CEU	EUR	Female
chr18	29783947	29784342	396	chr18-29783948-INV-395	FALSE	noreads	noreads	FALSE	NA12878_H1	183	CEU	EUR	Female
chr18	12145103	12146503	1401	chr18-12141485-INV-8631	FALSE	1|0	0	FALSE	NA12878_H2	180	CEU	EUR	Female
chr18	20562339	20601393	39055	chr18-20562340-INV-39055	TRUE	1|1	1	FALSE	NA12878_H2	181	CEU	EUR	Female
chr18	20813184	20836515	23332	chr18-20814796-INV-23654	TRUE	1|1	1	FALSE	NA12878_H2	182	CEU	EUR	Female
chr18	29783947	29784342	396	chr18-29783948-INV-395	FALSE	noreads	noreads	FALSE	NA12878_H2	183	CEU	EUR	Female
chr19	27346068	27354631	8564	chr19-27346069-INV-8564	FALSE	2110	complex	FALSE	NA12878_H1	185	CEU	EUR	Female
chr19	27358559	27394840	36282	chr19-27358560-INV-36282	FALSE	2110	complex	FALSE	NA12878_H1	186	CEU	EUR	Female
chr19	38774757	38788025	13269	chr19-38770268-INV-22155	TRUE	1|1	1	FALSE	NA12878_H1	187	CEU	EUR	Female
chr19	43365871	43369065	3195	chr19-43355096-INV-25294	FALSE	0|0	0	FALSE	NA12878_H1	188	CEU	EUR	Female
chr19	47959660	50091195	2131536	chr19-47959661-INV-2131536	FALSE	0|0	0	FALSE	NA12878_H1	189	CEU	EUR	Female
chr19	27346068	27354631	8564	chr19-27346069-INV-8564	FALSE	2110	complex	FALSE	NA12878_H2	185	CEU	EUR	Female
chr19	27358559	27394840	36282	chr19-27358560-INV-36282	FALSE	2110	complex	FALSE	NA12878_H2	186	CEU	EUR	Female
chr19	38774757	38788025	13269	chr19-38770268-INV-22155	TRUE	1|1	1	FALSE	NA12878_H2	187	CEU	EUR	Female
chr19	43365871	43369065	3195	chr19-43355096-INV-25294	FALSE	0|0	0	FALSE	NA12878_H2	188	CEU	EUR	Female
chr19	47959660	50091195	2131536	chr19-47959661-INV-2131536	FALSE	0|0	0	FALSE	NA12878_H2	189	CEU	EUR	Female
chr20	10807797	10808434	638	chr20-10807400-INV-1454	FALSE	0|0	0	FALSE	NA12878_H1	216	CEU	EUR	Female
chr20	24397726	24406144	8419	chr20-24397727-INV-8419	FALSE	0|0	0	FALSE	NA12878_H1	217	CEU	EUR	Female
chr20	25846148	26009643	163496	chr20-25846149-INV-163496	FALSE	1|0	1	FALSE	NA12878_H1	218	CEU	EUR	Female
chr20	28495291	28508286	12996	chr20-28495292-INV-12996	FALSE	1|1	1	FALSE	NA12878_H1	219	CEU	EUR	Female
chr20	28556077	29204924	648848	chr20-28556078-INV-648848	TRUE	1|1	1	FALSE	NA12878_H1	220	CEU	EUR	Female
chr20	28751288	28752630	1343	chr20-28751289-INV-1342	FALSE	noreads	noreads	FALSE	NA12878_H1	221	CEU	EUR	Female
chr20	29257746	29419750	162005	chr20-29257747-INV-162005	FALSE	0|0	0	FALSE	NA12878_H1	222	CEU	EUR	Female
chr20	29882887	30428283	545397	chr20-29882888-INV-545397	TRUE	1|1	1	FALSE	NA12878_H1	223	CEU	EUR	Female
chr20	30811898	30910599	98702	chr20-30811899-INV-98701	FALSE	0|0	0	FALSE	NA12878_H1	224	CEU	EUR	Female
chr20	36967669	36997060	29392	chr20-36964179-INV-18041	FALSE	0|0	0	FALSE	NA12878_H1	225	CEU	EUR	Female
chr20	47841016	47888238	47223	chr20-47827034-INV-77611	FALSE	0|0	0	FALSE	NA12878_H1	226	CEU	EUR	Female
chr20	10807797	10808434	638	chr20-10807400-INV-1454	FALSE	0|0	0	FALSE	NA12878_H2	216	CEU	EUR	Female
chr20	24397726	24406144	8419	chr20-24397727-INV-8419	FALSE	0|0	0	FALSE	NA12878_H2	217	CEU	EUR	Female
chr20	25846148	26009643	163496	chr20-25846149-INV-163496	FALSE	1|0	0	FALSE	NA12878_H2	218	CEU	EUR	Female
chr20	28495291	28508286	12996	chr20-28495292-INV-12996	FALSE	1|1	1	FALSE	NA12878_H2	219	CEU	EUR	Female
chr20	28556077	29204924	648848	chr20-28556078-INV-648848	TRUE	1|1	1	FALSE	NA12878_H2	220	CEU	EUR	Female
chr20	28751288	28752630	1343	chr20-28751289-INV-1342	FALSE	noreads	noreads	FALSE	NA12878_H2	221	CEU	EUR	Female
chr20	29257746	29419750	162005	chr20-29257747-INV-162005	FALSE	0|0	0	FALSE	NA12878_H2	222	CEU	EUR	Female
chr20	29882887	30428283	545397	chr20-29882888-INV-545397	TRUE	1|1	1	FALSE	NA12878_H2	223	CEU	EUR	Female
chr20	30811898	30910599	98702	chr20-30811899-INV-98701	FALSE	0|0	0	FALSE	NA12878_H2	224	CEU	EUR	Female
chr20	36967669	36997060	29392	chr20-36964179-INV-18041	FALSE	0|0	0	FALSE	NA12878_H2	225	CEU	EUR	Female
chr20	47841016	47888238	47223	chr20-47827034-INV-77611	FALSE	0|0	0	FALSE	NA12878_H2	226	CEU	EUR	Female
chr21	13205437	13221054	15618	chr21-13205468-INV-15566	FALSE	0010	complex	FALSE	NA12878_H1	228	CEU	EUR	Female
chr21	13987773	14056796	69024	chr21-13992018-INV-65632	FALSE	0|0	0	FALSE	NA12878_H1	229	CEU	EUR	Female
chr21	19877734	20070170	192437	chr21-19877735-INV-192437	FALSE	0|0	0	FALSE	NA12878_H1	230	CEU	EUR	Female
chr21	26001836	26002391	556	chr21-26001839-INV-547	FALSE	1|1	1	FALSE	NA12878_H1	231	CEU	EUR	Female
chr21	26648368	26649407	1040	chr21-26648370-INV-1039	FALSE	0|0	0	FALSE	NA12878_H1	232	CEU	EUR	Female
chr21	40028842	40033181	4340	chr21-40023239-INV-15445	TRUE	1|1	1	FALSE	NA12878_H1	233	CEU	EUR	Female
chr21	43821742	43835116	13375	chr21-43821743-INV-13374	FALSE	0|0	0	FALSE	NA12878_H1	234	CEU	EUR	Female
chr21	13205437	13221054	15618	chr21-13205468-INV-15566	FALSE	0010	complex	FALSE	NA12878_H2	228	CEU	EUR	Female
chr21	13987773	14056796	69024	chr21-13992018-INV-65632	FALSE	0|0	0	FALSE	NA12878_H2	229	CEU	EUR	Female
chr21	19877734	20070170	192437	chr21-19877735-INV-192437	FALSE	0|0	0	FALSE	NA12878_H2	230	CEU	EUR	Female
chr21	26001836	26002391	556	chr21-26001839-INV-547	FALSE	1|1	1	FALSE	NA12878_H2	231	CEU	EUR	Female
chr21	26648368	26649407	1040	chr21-26648370-INV-1039	FALSE	0|0	0	FALSE	NA12878_H2	232	CEU	EUR	Female
chr21	40028842	40033181	4340	chr21-40023239-INV-15445	TRUE	1|1	1	FALSE	NA12878_H2	233	CEU	EUR	Female
chr21	43821742	43835116	13375	chr21-43821743-INV-13374	FALSE	0|0	0	FALSE	NA12878_H2	234	CEU	EUR	Female
chr22	11547667	12225587	677921	chr22-11547668-INV-677921	TRUE	1|1	1	FALSE	NA12878_H1	236	CEU	EUR	Female
chr22	12636517	12815682	179166	chr22-12636518-INV-179166	FALSE	1100	complex	FALSE	NA12878_H1	237	CEU	EUR	Female
chr22	15576909	15904656	327748	chr22-15576910-INV-327748	FALSE	0|0	0	FALSE	NA12878_H1	238	CEU	EUR	Female
chr22	21201771	21280466	78696	chr22-21201772-INV-78695	FALSE	1000	complex	FALSE	NA12878_H1	239	CEU	EUR	Female
chr22	21443089	21491761	48673	chr22-21442678-INV-15944	FALSE	1|1	1	FALSE	NA12878_H1	240	CEU	EUR	Female
chr22	23969582	23971740	2159	chr22-23968095-INV-5062	FALSE	0|0	0	TRUE	NA12878_H1	241	CEU	EUR	Female
chr22	11547667	12225587	677921	chr22-11547668-INV-677921	TRUE	1|1	1	FALSE	NA12878_H2	236	CEU	EUR	Female
chr22	12636517	12815682	179166	chr22-12636518-INV-179166	FALSE	1100	complex	FALSE	NA12878_H2	237	CEU	EUR	Female
chr22	15576909	15904656	327748	chr22-15576910-INV-327748	FALSE	0|0	0	FALSE	NA12878_H2	238	CEU	EUR	Female
chr22	21201771	21280466	78696	chr22-21201772-INV-78695	FALSE	1000	complex	FALSE	NA12878_H2	239	CEU	EUR	Female
chr22	21443089	21491761	48673	chr22-21442678-INV-15944	FALSE	1|1	1	FALSE	NA12878_H2	240	CEU	EUR	Female
chr22	23969582	23971740	2159	chr22-23968095-INV-5062	FALSE	0|0	0	TRUE	NA12878_H2	241	CEU	EUR	Female
chrX	93514	134755	41242	chrX-93515-INV-41242	TRUE	1|1	1	FALSE	NA12878_H1	362	CEU	EUR	Female
chrX	6219005	6220343	1339	chrX-6219014-INV-1337	FALSE	1|0	1	FALSE	NA12878_H1	363	CEU	EUR	Female
chrX	14711416	14713197	1782	chrX-14711418-INV-1780	FALSE	0|1	0	FALSE	NA12878_H1	364	CEU	EUR	Female
chrX	26782034	26792662	10629	chrX-26782040-INV-11189	FALSE	0|0	0	FALSE	NA12878_H1	365	CEU	EUR	Female
chrX	45689038	45691227	2190	chrX-45687777-INV-4877	FALSE	0|0	0	FALSE	NA12878_H1	366	CEU	EUR	Female
chrX	48396314	48399110	2797	chrX-48395426-INV-4575	FALSE	0|0	0	FALSE	NA12878_H1	367	CEU	EUR	Female
chrX	51692963	51700363	7401	chrX-51667498-INV-58316	FALSE	0|0	0	FALSE	NA12878_H1	368	CEU	EUR	Female
chrX	52077120	52176974	99855	chrX-52040360-INV-173922	FALSE	1|0	1	FALSE	NA12878_H1	369	CEU	EUR	Female
chrX	52502274	52510614	8341	chrX-52492352-INV-19975	FALSE	1|1	1	FALSE	NA12878_H1	370	CEU	EUR	Female
chrX	52921572	52934581	13010	chrX-52880292-INV-93962	FALSE	0|1	0	FALSE	NA12878_H1	371	CEU	EUR	Female
chrX	55480141	55493063	12923	chrX-55480174-INV-12894	FALSE	0|0	0	FALSE	NA12878_H1	372	CEU	EUR	Female
chrX	58621523	62370519	3748997	chrX-58621524-INV-3748997	TRUE	1|1	1	FALSE	NA12878_H1	373	CEU	EUR	Female
chrX	63185600	63193343	7744	chrX-63182245-INV-13735	FALSE	1|0	1	FALSE	NA12878_H1	374	CEU	EUR	Female
chrX	71702806	71778386	75581	chrX-71702807-INV-75580	FALSE	0|1	0	TRUE	NA12878_H1	375	CEU	EUR	Female
chrX	72997772	73077479	79708	chrX-72996081-INV-91407	FALSE	0|0	0	FALSE	NA12878_H1	376	CEU	EUR	Female
chrX	76146153	76148949	2797	chrX-76141867-INV-11379	FALSE	0|1	0	FALSE	NA12878_H1	377	CEU	EUR	Female
chrX	95091181	95138752	47572	chrX-95091182-INV-47572	FALSE	0|0	0	FALSE	NA12878_H1	378	CEU	EUR	Female
chrX	101602193	101611599	9407	chrX-101597550-INV-18696	FALSE	0|1	0	FALSE	NA12878_H1	379	CEU	EUR	Female
chrX	102338170	102348934	10765	chrX-102317111-INV-52896	FALSE	1|0	1	FALSE	NA12878_H1	380	CEU	EUR	Female
chrX	103989434	104049428	59995	chrX-103954976-INV-128112	FALSE	1|1	1	FALSE	NA12878_H1	381	CEU	EUR	Female
chrX	106266279	106275333	9055	chrX-106266349-INV-33658	FALSE	1|0	1	TRUE	NA12878_H1	382	CEU	EUR	Female
chrX	112504686	112516959	12274	chrX-112504687-INV-12274	FALSE	0|0	0	FALSE	NA12878_H1	383	CEU	EUR	Female
chrX	115725823	115730973	5151	chrX-115725824-INV-5151	TRUE	0|0	0	TRUE	NA12878_H1	384	CEU	EUR	Female
chrX	120087101	120149199	62099	chrX-120080219-INV-75364	FALSE	0|0	0	FALSE	NA12878_H1	385	CEU	EUR	Female
chrX	135165183	135207322	42140	chrX-135116507-INV-139642	FALSE	1|0	1	FALSE	NA12878_H1	386	CEU	EUR	Female
chrX	135623647	135665679	42033	chrX-135619381-INV-52316	FALSE	0|0	0	FALSE	NA12878_H1	387	CEU	EUR	Female
chrX	135734732	135748584	13853	chrX-135733567-INV-16180	FALSE	0|1	0	FALSE	NA12878_H1	388	CEU	EUR	Female
chrX	135765135	135776630	11496	chrX-135718085-INV-149049	FALSE	noreads	noreads	FALSE	NA12878_H1	389	CEU	EUR	Female
chrX	135765867	135794758	28892	chrX-135765868-INV-28891	FALSE	noreads	noreads	FALSE	NA12878_H1	390	CEU	EUR	Female
chrX	141110160	141232877	122718	chrX-141110161-INV-122718	FALSE	0|0	0	FALSE	NA12878_H1	391	CEU	EUR	Female
chrX	141242121	141479853	237733	chrX-141242122-INV-237733	FALSE	0|0	0	FALSE	NA12878_H1	392	CEU	EUR	Female
chrX	141585256	141589189	3934	chrX-141573056-INV-28779	FALSE	0100	complex	FALSE	NA12878_H1	393	CEU	EUR	Female
chrX	141601876	141686290	84415	chrX-141585258-invDup-102910	FALSE	0|0	0	FALSE	NA12878_H1	394	CEU	EUR	Female
chrX	149599490	149655967	56478	chrX-149599491-INV-56477	FALSE	0|0	0	FALSE	NA12878_H1	395	CEU	EUR	Female
chrX	149681035	149722249	41215	chrX-149654273-INV-94882	FALSE	1|1	1	FALSE	NA12878_H1	396	CEU	EUR	Female
chrX	149747302	149768782	21481	chrX-149747303-INV-21480	FALSE	0|0	0	FALSE	NA12878_H1	397	CEU	EUR	Female
chrX	152729753	152738707	8955	chrX-152678163-INV-111649	FALSE	0|1	0	FALSE	NA12878_H1	398	CEU	EUR	Female
chrX	153074418	153075612	1195	chrX-153066070-INV-17879	FALSE	0|1	0	FALSE	NA12878_H1	399	CEU	EUR	Female
chrX	153149748	153250226	100479	chrX-153067814-INV-226118	FALSE	1|1	1	FALSE	NA12878_H1	400	CEU	EUR	Female
chrX	154347246	154384867	37622	chrX-154339398-INV-53354	FALSE	0|0	0	FALSE	NA12878_H1	401	CEU	EUR	Female
chrX	154549470	154555683	6214	chrX-154549471-INV-6214	FALSE	idup_hom	invdup	FALSE	NA12878_H1	402	CEU	EUR	Female
chrX	154591327	154613096	21770	chrX-154555919-INV-93915	FALSE	0|0	0	FALSE	NA12878_H1	403	CEU	EUR	Female
chrX	155386727	155453982	67256	chrX-155366835-INV-100636	FALSE	0|0	0	FALSE	NA12878_H1	404	CEU	EUR	Female
chrX	155708209	156030894	322686	chrX-155708210-INV-322686	FALSE	0|0	0	FALSE	NA12878_H1	405	CEU	EUR	Female
chrX	93514	134755	41242	chrX-93515-INV-41242	TRUE	1|1	1	FALSE	NA12878_H2	362	CEU	EUR	Female
chrX	6219005	6220343	1339	chrX-6219014-INV-1337	FALSE	1|0	0	FALSE	NA12878_H2	363	CEU	EUR	Female
chrX	14711416	14713197	1782	chrX-14711418-INV-1780	FALSE	0|1	1	FALSE	NA12878_H2	364	CEU	EUR	Female
chrX	26782034	26792662	10629	chrX-26782040-INV-11189	FALSE	0|0	0	FALSE	NA12878_H2	365	CEU	EUR	Female
chrX	45689038	45691227	2190	chrX-45687777-INV-4877	FALSE	0|0	0	FALSE	NA12878_H2	366	CEU	EUR	Female
chrX	48396314	48399110	2797	chrX-48395426-INV-4575	FALSE	0|0	0	FALSE	NA12878_H2	367	CEU	EUR	Female
chrX	51692963	51700363	7401	chrX-51667498-INV-58316	FALSE	0|0	0	FALSE	NA12878_H2	368	CEU	EUR	Female
chrX	52077120	52176974	99855	chrX-52040360-INV-173922	FALSE	1|0	0	FALSE	NA12878_H2	369	CEU	EUR	Female
chrX	52502274	52510614	8341	chrX-52492352-INV-19975	FALSE	1|1	1	FALSE	NA12878_H2	370	CEU	EUR	Female
chrX	52921572	52934581	13010	chrX-52880292-INV-93962	FALSE	0|1	1	FALSE	NA12878_H2	371	CEU	EUR	Female
chrX	55480141	55493063	12923	chrX-55480174-INV-12894	FALSE	0|0	0	FALSE	NA12878_H2	372	CEU	EUR	Female
chrX	58621523	62370519	3748997	chrX-58621524-INV-3748997	TRUE	1|1	1	FALSE	NA12878_H2	373	CEU	EUR	Female
chrX	63185600	63193343	7744	chrX-63182245-INV-13735	FALSE	1|0	0	FALSE	NA12878_H2	374	CEU	EUR	Female
chrX	71702806	71778386	75581	chrX-71702807-INV-75580	FALSE	0|1	1	TRUE	NA12878_H2	375	CEU	EUR	Female
chrX	72997772	73077479	79708	chrX-72996081-INV-91407	FALSE	0|0	0	FALSE	NA12878_H2	376	CEU	EUR	Female
chrX	76146153	76148949	2797	chrX-76141867-INV-11379	FALSE	0|1	1	FALSE	NA12878_H2	377	CEU	EUR	Female
chrX	95091181	95138752	47572	chrX-95091182-INV-47572	FALSE	0|0	0	FALSE	NA12878_H2	378	CEU	EUR	Female
chrX	101602193	101611599	9407	chrX-101597550-INV-18696	FALSE	0|1	1	FALSE	NA12878_H2	379	CEU	EUR	Female
chrX	102338170	102348934	10765	chrX-102317111-INV-52896	FALSE	1|0	0	FALSE	NA12878_H2	380	CEU	EUR	Female
chrX	103989434	104049428	59995	chrX-103954976-INV-128112	FALSE	1|1	1	FALSE	NA12878_H2	381	CEU	EUR	Female
chrX	106266279	106275333	9055	chrX-106266349-INV-33658	FALSE	1|0	0	TRUE	NA12878_H2	382	CEU	EUR	Female
chrX	112504686	112516959	12274	chrX-112504687-INV-12274	FALSE	0|0	0	FALSE	NA12878_H2	383	CEU	EUR	Female
chrX	115725823	115730973	5151	chrX-115725824-INV-5151	TRUE	0|0	0	TRUE	NA12878_H2	384	CEU	EUR	Female
chrX	120087101	120149199	62099	chrX-120080219-INV-75364	FALSE	0|0	0	FALSE	NA12878_H2	385	CEU	EUR	Female
chrX	135165183	135207322	42140	chrX-135116507-INV-139642	FALSE	1|0	0	FALSE	NA12878_H2	386	CEU	EUR	Female
chrX	135623647	135665679	42033	chrX-135619381-INV-52316	FALSE	0|0	0	FALSE	NA12878_H2	387	CEU	EUR	Female
chrX	135734732	135748584	13853	chrX-135733567-INV-16180	FALSE	0|1	1	FALSE	NA12878_H2	388	CEU	EUR	Female
chrX	135765135	135776630	11496	chrX-135718085-INV-149049	FALSE	noreads	noreads	FALSE	NA12878_H2	389	CEU	EUR	Female
chrX	135765867	135794758	28892	chrX-135765868-INV-28891	FALSE	noreads	noreads	FALSE	NA12878_H2	390	CEU	EUR	Female
chrX	141110160	141232877	122718	chrX-141110161-INV-122718	FALSE	0|0	0	FALSE	NA12878_H2	391	CEU	EUR	Female
chrX	141242121	141479853	237733	chrX-141242122-INV-237733	FALSE	0|0	0	FALSE	NA12878_H2	392	CEU	EUR	Female
chrX	141585256	141589189	3934	chrX-141573056-INV-28779	FALSE	0100	complex	FALSE	NA12878_H2	393	CEU	EUR	Female
chrX	141601876	141686290	84415	chrX-141585258-invDup-102910	FALSE	0|0	0	FALSE	NA12878_H2	394	CEU	EUR	Female
chrX	149599490	149655967	56478	chrX-149599491-INV-56477	FALSE	0|0	0	FALSE	NA12878_H2	395	CEU	EUR	Female
chrX	149681035	149722249	41215	chrX-149654273-INV-94882	FALSE	1|1	1	FALSE	NA12878_H2	396	CEU	EUR	Female
chrX	149747302	149768782	21481	chrX-149747303-INV-21480	FALSE	0|0	0	FALSE	NA12878_H2	397	CEU	EUR	Female
chrX	152729753	152738707	8955	chrX-152678163-INV-111649	FALSE	0|1	1	FALSE	NA12878_H2	398	CEU	EUR	Female
chrX	153074418	153075612	1195	chrX-153066070-INV-17879	FALSE	0|1	1	FALSE	NA12878_H2	399	CEU	EUR	Female
chrX	153149748	153250226	100479	chrX-153067814-INV-226118	FALSE	1|1	1	FALSE	NA12878_H2	400	CEU	EUR	Female
chrX	154347246	154384867	37622	chrX-154339398-INV-53354	FALSE	0|0	0	FALSE	NA12878_H2	401	CEU	EUR	Female
chrX	154549470	154555683	6214	chrX-154549471-INV-6214	FALSE	idup_hom	invdup	FALSE	NA12878_H2	402	CEU	EUR	Female
chrX	154591327	154613096	21770	chrX-154555919-INV-93915	FALSE	0|0	0	FALSE	NA12878_H2	403	CEU	EUR	Female
chrX	155386727	155453982	67256	chrX-155366835-INV-100636	FALSE	0|0	0	FALSE	NA12878_H2	404	CEU	EUR	Female
chrX	155708209	156030894	322686	chrX-155708210-INV-322686	FALSE	0|0	0	FALSE	NA12878_H2	405	CEU	EUR	Female
chrY	6243097	6340647	97551	chrY-6243098-INV-97551	FALSE	./.	0	FALSE	NA12878_H1	407	CEU	EUR	Female
chrY	6452942	9763793	3310852	chrY-6452943-INV-3310852	FALSE	./.	0	FALSE	NA12878_H1	408	CEU	EUR	Female
chrY	9797298	9817138	19841	chrY-9797299-INV-19841	FALSE	./.	0	FALSE	NA12878_H1	409	CEU	EUR	Female
chrY	10367644	10419983	52340	chrY-10367645-INV-52339	FALSE	./.	0	FALSE	NA12878_H1	410	CEU	EUR	Female
chrY	14019657	14023071	3415	chrY-14014802-INV-12509	FALSE	./.	0	FALSE	NA12878_H1	411	CEU	EUR	Female
chrY	15883580	15896218	12639	chrY-15874908-INV-30002	FALSE	./.	0	FALSE	NA12878_H1	412	CEU	EUR	Female
chrY	16269646	16315779	46134	chrY-16256794-INV-67832	FALSE	./.	0	FALSE	NA12878_H1	413	CEU	EUR	Female
chrY	17949447	17956300	6854	chrY-17949448-INV-6854	FALSE	./.	0	FALSE	NA12878_H1	414	CEU	EUR	Female
chrY	18640355	18667145	26791	chrY-18632163-INV-54113	FALSE	./.	0	FALSE	NA12878_H1	415	CEU	EUR	Female
chrY	20060886	20082170	21285	chrY-20060887-INV-21285	TRUE	./.	0	FALSE	NA12878_H1	416	CEU	EUR	Female
chrY	21021692	21063744	42053	chrY-21013458-INV-38445	FALSE	./.	0	FALSE	NA12878_H1	417	CEU	EUR	Female
chrY	21053790	21063744	9955	chrY-21052503-INV-12528	FALSE	./.	0	FALSE	NA12878_H1	418	CEU	EUR	Female
chrY	21745387	21761981	16595	chrY-21745388-INV-16595	TRUE	./.	0	FALSE	NA12878_H1	419	CEU	EUR	Female
chrY	22204071	22384088	180018	chrY-22204072-INV-180018	FALSE	./.	0	FALSE	NA12878_H1	420	CEU	EUR	Female
chrY	22207318	22325285	117968	chrY-22207319-INV-117968	FALSE	./.	0	FALSE	NA12878_H1	421	CEU	EUR	Female
chrY	23208202	23210340	2139	chrY-23178077-INV-51477	FALSE	noreads	noreads	FALSE	NA12878_H1	422	CEU	EUR	Female
chrY	6243097	6340647	97551	chrY-6243098-INV-97551	FALSE	./.	0	FALSE	NA12878_H2	407	CEU	EUR	Female
chrY	6452942	9763793	3310852	chrY-6452943-INV-3310852	FALSE	./.	0	FALSE	NA12878_H2	408	CEU	EUR	Female
chrY	9797298	9817138	19841	chrY-9797299-INV-19841	FALSE	./.	0	FALSE	NA12878_H2	409	CEU	EUR	Female
chrY	10367644	10419983	52340	chrY-10367645-INV-52339	FALSE	./.	0	FALSE	NA12878_H2	410	CEU	EUR	Female
chrY	14019657	14023071	3415	chrY-14014802-INV-12509	FALSE	./.	0	FALSE	NA12878_H2	411	CEU	EUR	Female
chrY	15883580	15896218	12639	chrY-15874908-INV-30002	FALSE	./.	0	FALSE	NA12878_H2	412	CEU	EUR	Female
chrY	16269646	16315779	46134	chrY-16256794-INV-67832	FALSE	./.	0	FALSE	NA12878_H2	413	CEU	EUR	Female
chrY	17949447	17956300	6854	chrY-17949448-INV-6854	FALSE	./.	0	FALSE	NA12878_H2	414	CEU	EUR	Female
chrY	18640355	18667145	26791	chrY-18632163-INV-54113	FALSE	./.	0	FALSE	NA12878_H2	415	CEU	EUR	Female
chrY	20060886	20082170	21285	chrY-20060887-INV-21285	TRUE	./.	0	FALSE	NA12878_H2	416	CEU	EUR	Female
chrY	21021692	21063744	42053	chrY-21013458-INV-38445	FALSE	./.	0	FALSE	NA12878_H2	417	CEU	EUR	Female
chrY	21053790	21063744	9955	chrY-21052503-INV-12528	FALSE	./.	0	FALSE	NA12878_H2	418	CEU	EUR	Female
chrY	21745387	21761981	16595	chrY-21745388-INV-16595	TRUE	./.	0	FALSE	NA12878_H2	419	CEU	EUR	Female
chrY	22204071	22384088	180018	chrY-22204072-INV-180018	FALSE	./.	0	FALSE	NA12878_H2	420	CEU	EUR	Female
chrY	22207318	22325285	117968	chrY-22207319-INV-117968	FALSE	./.	0	FALSE	NA12878_H2	421	CEU	EUR	Female
chrY	23208202	23210340	2139	chrY-23178077-INV-51477	FALSE	noreads	noreads	FALSE	NA12878_H2	422	CEU	EUR	Female
